type,dropout,middle layers,learning rate,4.0 epochs,8.0 epochs,12.0 epochs,16.0 epochs,20.0 epochs,24.0 epochs,28.0 epochs,32.0 epochs,36.0 epochs,40.0 epochs,44.0 epochs,48.0 epochs,52.0 epochs,56.0 epochs,60.0 epochs,64.0 epochs,68.0 epochs,72.0 epochs,76.0 epochs,80.0 epochs,84.0 epochs,88.0 epochs,92.0 epochs,96.0 epochs,100.0 epochs,104.0 epochs,108.0 epochs,112.0 epochs,116.0 epochs,120.0 epochs,124.0 epochs,128.0 epochs,132.0 epochs,136.0 epochs,140.0 epochs,144.0 epochs,148.0 epochs,152.0 epochs,156.0 epochs,160.0 epochs,164.0 epochs,168.0 epochs,172.0 epochs,176.0 epochs,180.0 epochs,184.0 epochs,188.0 epochs,192.0 epochs,196.0 epochs,200.0 epochs,
training,0,1,0.01,0.577988344,0.608843548,0.610787179,0.606171046,0.612973767,0.608843539,0.618804676,0.625121483,0.622448981,0.647716233,0.631195341,0.647473276,0.653061228,0.623177843,0.640427598,0.65694849,0.67055394,0.62827989,0.672983485,0.660835768,0.65694849,0.657191455,0.687803703,0.680029154,0.691448007,0.684159373,0.686345969,0.692419827,0.685617115,0.689990291,0.675413021,0.702623912,0.694606415,0.721574349,0.707968908,0.717687079,0.725704576,0.712585032,0.721817298,0.702623904,0.742468425,0.69703596,0.741982511,0.734207971,0.715014585,0.711856169,0.731535486,0.720359581,0.714042766,0.684645295,
validation,0,1,0.01,0.593294459,0.599125368,0.596209918,0.604956278,0.603498544,0.60787172,0.600583085,0.600583085,0.612244904,0.613702621,0.61661808,0.612244896,0.61953353,0.606414003,0.61661808,0.628279882,0.622448972,0.612244904,0.623906715,0.620991256,0.629737616,0.625364431,0.625364431,0.631195341,0.634110791,0.634110791,0.637026233,0.641399409,0.604956261,0.61953353,0.602040815,0.631195332,0.644314868,0.635568517,0.629737607,0.618075797,0.638483967,0.631195332,0.634110783,0.619533522,0.639941692,0.626822157,0.632653066,0.635568508,0.641399418,0.626822157,0.642857143,0.638483959,0.634110774,0.632653058,0.632653058
training,0,1,0.001,0.58794948,0.610301265,0.627551019,0.641885315,0.666666661,0.661564623,0.681972802,0.67444121,0.678328472,0.675655987,0.704567543,0.727891156,0.715014577,0.729348872,0.73517979,0.749757034,0.755587944,0.761418853,0.779154514,0.767249746,0.751214777,0.784742466,0.779640436,0.801506306,0.813654031,0.813168117,0.782798835,0.811467443,0.809037907,0.833090373,0.832361511,0.792759972,0.840621957,0.837463558,0.860544213,0.844995141,0.853012638,0.855685132,0.861273084,0.855199218,0.874392612,0.864188552,0.869290565,0.883381929,0.876822148,0.886054431,0.890427606,0.902818263,0.905247808,0.906462584,
validation,0,1,0.001,0.571428571,0.599125368,0.593294467,0.603498544,0.603498544,0.59912536,0.606413995,0.613702621,0.609329437,0.587463549,0.596209901,0.616618071,0.615160338,0.600583085,0.60787172,0.612244896,0.626822157,0.594752184,0.616618071,0.607871711,0.616618063,0.603498553,0.622448972,0.61661808,0.620991247,0.610787179,0.619533522,0.609329445,0.62682214,0.612244887,0.613702612,0.612244887,0.629737607,0.618075805,0.606413986,0.622448972,0.613702621,0.620991239,0.597667626,0.604956269,0.623906706,0.615160338,0.619533513,0.616618063,0.622448972,0.610787162,0.604956261,0.612244887,0.600583094,0.616618063,0.616618063
training,0,1,0.0001,0.553449963,0.563654048,0.574344013,0.579203112,0.592565596,0.59305151,0.59888242,0.60787172,0.613945578,0.620991264,0.627793976,0.632167161,0.637026242,0.637026242,0.640913504,0.649173958,0.655490756,0.657434404,0.663022348,0.665937807,0.669582129,0.673712347,0.675170072,0.677599617,0.679543248,0.681486879,0.683916424,0.685860055,0.689990282,0.694363458,0.692905733,0.697278917,0.69606414,0.691690956,0.698736651,0.700437324,0.706511174,0.706997088,0.709912539,0.710398444,0.715500482,0.718901839,0.716715268,0.721088435,0.717201173,0.72351798,0.720116624,0.730563658,0.733722057,0.725704568,
validation,0,1,0.0001,0.53935859,0.559766752,0.558309036,0.55685131,0.558309036,0.572886305,0.574344022,0.577259472,0.572886288,0.571428571,0.578717198,0.575801747,0.577259481,0.584548107,0.580174931,0.593294459,0.587463558,0.591836725,0.587463558,0.584548107,0.586005824,0.590379008,0.588921283,0.590379008,0.588921283,0.584548107,0.600583085,0.597667634,0.597667634,0.594752184,0.591836733,0.597667634,0.600583085,0.596209901,0.600583085,0.606413995,0.60204081,0.60787172,0.606413986,0.606413986,0.59912536,0.600583085,0.600583085,0.609329445,0.604956252,0.604956261,0.607871711,0.612244896,0.603498544,0.60787172,0.60787172
training,0,2,0.01,0.58090379,0.600097188,0.621720118,0.622448981,0.625364423,0.637026242,0.641156461,0.627793985,0.64625849,0.657434404,0.666180755,0.663022356,0.659620992,0.646987362,0.67346939,0.674198253,0.644557825,0.655247808,0.680272111,0.675170064,0.679786197,0.681243922,0.700194367,0.714528663,0.664480082,0.705053449,0.702380947,0.718172976,0.718415942,0.724975697,0.688775505,0.714771611,0.721331384,0.731778417,0.720602521,0.732993194,0.708940727,0.721817298,0.736394559,0.740524777,0.749514086,0.754859081,0.747327498,0.733236143,0.772351801,0.756316815,0.740281829,0.745626824,0.728377061,0.724489791,
validation,0,2,0.01,0.588921283,0.593294459,0.594752184,0.596209909,0.60787172,0.610787179,0.618075797,0.612244896,0.603498544,0.623906706,0.623906706,0.634110783,0.610787179,0.628279882,0.588921274,0.628279882,0.609329445,0.620991256,0.597667634,0.626822157,0.612244904,0.620991247,0.603498535,0.623906706,0.615160355,0.613702629,0.626822157,0.625364431,0.618075797,0.613702621,0.613702621,0.645772593,0.632653058,0.629737616,0.620991256,0.616618071,0.623906698,0.634110783,0.647230319,0.61953353,0.616618071,0.618075805,0.622448981,0.622448981,0.61953353,0.641399418,0.60787172,0.607871711,0.615160355,0.625364431,0.625364431
training,0,2,0.001,0.604470355,0.622206032,0.651846443,0.660349854,0.661564623,0.673469382,0.682944604,0.697521865,0.720359572,0.717930036,0.727162293,0.747570464,0.746598644,0.775510209,0.779397471,0.761661811,0.810252666,0.816083576,0.792274049,0.824829928,0.824586979,0.843780364,0.853255587,0.851311948,0.876093294,0.855442175,0.851311956,0.884839645,0.89188534,0.860058308,0.892857143,0.887512147,0.900388726,0.911807588,0.920553931,0.926627789,0.940962102,0.936588917,0.935617106,0.943877552,0.944606423,0.952866869,0.948007779,0.951895033,0.942662776,0.967930027,0.962099126,0.958454805,0.967444122,0.967687079,
validation,0,2,0.001,0.587463558,0.584548099,0.600583085,0.600583094,0.594752184,0.610787179,0.616618071,0.610787162,0.597667643,0.615160346,0.618075805,0.60787172,0.612244904,0.604956269,0.591836742,0.615160346,0.607871728,0.606413995,0.623906706,0.623906706,0.61661808,0.6341108,0.623906698,0.620991256,0.648688052,0.629737607,0.644314877,0.632653066,0.641399418,0.622448981,0.625364431,0.620991256,0.634110791,0.645772593,0.628279882,0.639941692,0.638483959,0.613702629,0.613702629,0.618075797,0.616618088,0.618075805,0.626822174,0.638483967,0.620991256,0.626822157,0.620991256,0.61953353,0.620991256,0.609329454,0.609329454
training,0,2,0.0001,0.558066083,0.553935856,0.567055391,0.594509218,0.604956269,0.610544222,0.613216715,0.616132183,0.615403303,0.616861028,0.624392612,0.62949465,0.630466478,0.632896015,0.63435374,0.635082603,0.64407192,0.649173958,0.648445095,0.652089417,0.655976687,0.656462584,0.662050537,0.661321674,0.661321683,0.662536442,0.668853249,0.671525751,0.670553931,0.674441201,0.67468415,0.676141875,0.67565597,0.681243922,0.681729836,0.693391638,0.689990274,0.690962102,0.692662784,0.696793003,0.698979591,0.700437307,0.701895041,0.704081629,0.706997088,0.714042766,0.70869777,0.714285723,0.714285723,0.719387753,
validation,0,2,0.0001,0.543731783,0.553935864,0.571428576,0.575801747,0.586005832,0.574344022,0.577259472,0.580174931,0.581632657,0.588921283,0.591836742,0.584548107,0.591836733,0.584548107,0.587463558,0.588921283,0.596209918,0.58309039,0.587463549,0.588921283,0.590379008,0.597667634,0.591836733,0.596209909,0.60204081,0.59912536,0.602040819,0.600583094,0.600583094,0.602040819,0.602040819,0.604956269,0.61078717,0.606413995,0.604956269,0.604956269,0.615160355,0.606413995,0.606413995,0.613702629,0.603498544,0.607871728,0.612244904,0.61661808,0.602040819,0.607871728,0.603498544,0.609329454,0.61661808,0.613702629,0.613702629
training,0,3,0.01,0.598396497,0.599125351,0.60811466,0.614188526,0.61491738,0.617832839,0.598396497,0.617103985,0.625121466,0.634839645,0.644071903,0.633867834,0.642128272,0.633624877,0.652575314,0.618561702,0.643586005,0.649173958,0.645772593,0.656219627,0.63921283,0.646501456,0.661564623,0.671768708,0.67954324,0.663265305,0.661078717,0.677599617,0.666180755,0.684888235,0.686588917,0.669339163,0.695335277,0.680272102,0.687803694,0.662293477,0.669825069,0.678814386,0.674441193,0.690962093,0.669096206,0.672740528,0.670068026,0.69120505,0.67954324,0.688532548,0.702623904,0.686345977,0.690962102,0.659863949,
validation,0,3,0.01,0.599125368,0.597667634,0.604956269,0.602040819,0.610787179,0.622448981,0.590379017,0.606413995,0.604956269,0.622448972,0.625364431,0.60787172,0.613702621,0.618075805,0.623906715,0.612244904,0.625364431,0.623906706,0.620991256,0.61953353,0.625364431,0.618075805,0.618075805,0.632653066,0.631195341,0.635568517,0.615160355,0.61953353,0.631195332,0.626822165,0.618075805,0.619533539,0.632653058,0.623906706,0.62536444,0.625364431,0.622448981,0.61661808,0.623906706,0.618075805,0.618075805,0.635568508,0.637026233,0.620991256,0.625364431,0.61953353,0.637026233,0.616618071,0.631195332,0.622448972,0.622448972
training,0,3,0.001,0.612244887,0.622691929,0.633867834,0.654518953,0.658649181,0.68343051,0.692419827,0.689990291,0.724489791,0.725704568,0.763605433,0.751214768,0.768221574,0.773809527,0.766277943,0.801020401,0.822643348,0.814382894,0.828231284,0.840864914,0.848396514,0.83017494,0.876336242,0.872448981,0.872448981,0.894314877,0.899173949,0.905247816,0.923226433,0.907434412,0.912779408,0.914965979,0.91666667,0.924927107,0.935860055,0.946307089,0.939018471,0.951652093,0.949222539,0.947035951,0.966229354,0.95966959,0.973032066,0.954324586,0.948979591,0.959912547,0.968415942,0.959183676,0.951166187,0.967444122,
validation,0,3,0.001,0.597667634,0.60787172,0.61078717,0.616618071,0.620991247,0.606413995,0.61953353,0.625364431,0.61953353,0.622448981,0.626822148,0.622448981,0.625364431,0.618075797,0.629737616,0.635568517,0.628279873,0.609329437,0.625364423,0.615160346,0.623906706,0.618075788,0.604956269,0.629737607,0.623906706,0.609329454,0.600583102,0.629737607,0.618075797,0.60787172,0.610787162,0.626822174,0.61953353,0.620991247,0.622448981,0.615160355,0.623906698,0.603498544,0.620991256,0.609329445,0.612244896,0.604956269,0.599125368,0.600583094,0.618075797,0.61078717,0.597667634,0.588921283,0.60787172,0.59912536,0.59912536
training,0,3,0.0001,0.588921283,0.598396497,0.595238081,0.600340119,0.60592808,0.610544213,0.615160346,0.614431492,0.617346934,0.619533522,0.620262384,0.62172011,0.625364423,0.625364431,0.6265792,0.632653058,0.633867826,0.63435374,0.633624886,0.641156461,0.642614186,0.642614194,0.645529645,0.649902829,0.64795919,0.652332366,0.65306122,0.657434412,0.658163275,0.662050537,0.662779408,0.666180755,0.665937815,0.665937807,0.670311,0.673226442,0.672983485,0.675898935,0.676870755,0.677356643,0.683673467,0.688046643,0.688289608,0.687560746,0.692905741,0.692905733,0.694120501,0.698736634,0.706268217,0.701409136,
validation,0,3,0.0001,0.593294459,0.59912536,0.569970846,0.577259472,0.584548099,0.588921283,0.591836733,0.591836733,0.594752184,0.597667634,0.597667634,0.600583085,0.600583085,0.60204081,0.603498535,0.60204081,0.603498535,0.60204081,0.600583085,0.604956269,0.606413995,0.604956269,0.604956269,0.606414003,0.603498544,0.609329454,0.607871728,0.603498553,0.606414003,0.604956269,0.607871728,0.604956278,0.606414003,0.607871728,0.609329454,0.604956278,0.603498544,0.607871728,0.604956269,0.606413995,0.61078717,0.610787179,0.604956269,0.610787179,0.61661808,0.615160355,0.618075805,0.620991256,0.623906706,0.618075805,0.618075805
training,0.2,1,0.01,0.597910583,0.597910583,0.597910583,0.598396497,0.598396497,0.598396497,0.598396497,0.598396497,0.598396497,0.598396497,0.598153549,0.598396497,0.598639454,0.598882411,0.59912536,0.599854231,0.599854222,0.6068999,0.600340136,0.600097179,0.604713312,0.604470355,0.610058299,0.607142849,0.616618071,0.61175899,0.613459672,0.610787162,0.608843539,0.617589891,0.612973758,0.61467444,0.615160346,0.6068999,0.611030127,0.615889209,0.61467444,0.624878517,0.608843539,0.612973758,0.613945578,0.62172011,0.62172011,0.621477153,0.620748299,0.625850337,0.611273076,0.612244896,0.613216707,0.612001938,
validation,0.2,1,0.01,0.597667634,0.597667634,0.597667634,0.597667634,0.597667634,0.597667634,0.597667634,0.597667634,0.597667634,0.597667634,0.597667634,0.597667634,0.597667634,0.597667634,0.597667634,0.597667634,0.597667634,0.59912536,0.597667634,0.597667634,0.59912536,0.596209909,0.59912536,0.60204081,0.60204081,0.60204081,0.603498535,0.604956261,0.60204081,0.600583085,0.60204081,0.60204081,0.604956261,0.60204081,0.604956261,0.600583085,0.597667634,0.597667634,0.603498535,0.604956261,0.597667634,0.609329437,0.60204081,0.616618063,0.607871711,0.609329437,0.603498535,0.59912536,0.596209909,0.59912536,0.59912536
training,0.2,1,0.001,0.567298353,0.594509218,0.600826042,0.600826042,0.600097179,0.600826051,0.601311956,0.600097179,0.600583085,0.601068999,0.600583094,0.600583102,0.600097179,0.599854222,0.599854222,0.600097179,0.600340128,0.600583094,0.601311956,0.602040819,0.602526724,0.60301263,0.601068999,0.603255587,0.603012638,0.603498544,0.603012638,0.603741493,0.605199226,0.603741493,0.604713321,0.604227398,0.605199218,0.604956278,0.606171046,0.611273093,0.61151605,0.608843539,0.612244913,0.615889209,0.61540332,0.61540332,0.619047625,0.619047616,0.624149672,0.62439262,0.624878526,0.624392603,0.632167152,0.625607388,
validation,0.2,1,0.001,0.574344026,0.600583094,0.600583094,0.599125368,0.600583094,0.602040819,0.602040819,0.59912536,0.59912536,0.597667634,0.597667634,0.597667634,0.597667634,0.597667634,0.59912536,0.597667634,0.597667634,0.59912536,0.59912536,0.597667634,0.597667634,0.600583085,0.597667634,0.600583085,0.60204081,0.603498535,0.60204081,0.604956261,0.603498535,0.604956261,0.603498535,0.60204081,0.606413986,0.604956261,0.604956261,0.606413995,0.60787172,0.606413995,0.60787172,0.613702621,0.61078717,0.60787172,0.613702621,0.619533522,0.609329445,0.613702621,0.618075797,0.616618071,0.619533522,0.615160346,0.615160346
training,0.2,1,0.0001,0.495869777,0.545432448,0.568756069,0.567055387,0.581632648,0.589893094,0.586005832,0.586491747,0.590864931,0.596452875,0.595723995,0.594509218,0.598396497,0.59523809,0.598882403,0.599368308,0.599854222,0.59815354,0.599368325,0.599368308,0.601797853,0.603741493,0.60301263,0.602769673,0.602283767,0.601797853,0.601797862,0.602283767,0.601311939,0.600826042,0.600826034,0.600826034,0.601068999,0.601311956,0.600826034,0.600340128,0.600097171,0.600340119,0.599854222,0.599368317,0.599368317,0.598882403,0.598882403,0.598639446,0.598882403,0.598639446,0.598882403,0.598882403,0.598882403,0.598882403,
validation,0.2,1,0.0001,0.511661802,0.55830904,0.561224486,0.559766761,0.581632657,0.580174931,0.57434403,0.57434403,0.57434403,0.588921283,0.591836742,0.600583094,0.603498553,0.603498544,0.609329445,0.609329445,0.612244896,0.61078717,0.600583094,0.597667643,0.597667643,0.602040819,0.596209918,0.600583094,0.597667643,0.597667643,0.600583094,0.597667634,0.597667634,0.59912536,0.600583085,0.600583085,0.602040819,0.600583094,0.600583094,0.600583094,0.600583094,0.599125368,0.599125368,0.599125368,0.599125368,0.599125368,0.599125368,0.599125368,0.599125368,0.600583094,0.600583094,0.600583094,0.59912536,0.59912536,0.59912536
training,0.2,2,0.01,0.597910583,0.597667634,0.597667634,0.597667634,0.597667634,0.597667634,0.597667634,0.597910583,0.597910592,0.597910592,0.59815354,0.59815354,0.597910583,0.597910583,0.597910583,0.597910583,0.597910583,0.598153532,0.597910583,0.59815354,0.59815354,0.59815354,0.598396497,0.598396497,0.598396497,0.598396497,0.598396497,0.598396497,0.598396489,0.598396489,0.598396489,0.598396489,0.59815354,0.59815354,0.598396497,0.598396497,0.598396497,0.598396497,0.598639446,0.598639446,0.598639446,0.598639446,0.598639446,0.598639446,0.598639446,0.598639446,0.598639446,0.598639446,0.598882403,0.598639446,
validation,0.2,2,0.01,0.597667634,0.597667634,0.597667634,0.597667634,0.597667634,0.597667634,0.597667634,0.597667634,0.597667634,0.597667634,0.597667634,0.597667634,0.597667634,0.597667634,0.597667634,0.597667634,0.597667634,0.597667634,0.597667634,0.597667634,0.597667634,0.597667634,0.597667634,0.597667634,0.597667634,0.597667634,0.597667634,0.597667634,0.597667634,0.597667634,0.597667634,0.597667634,0.597667634,0.597667634,0.597667634,0.597667634,0.597667634,0.597667634,0.597667634,0.597667634,0.597667634,0.597667634,0.597667634,0.597667634,0.597667634,0.597667634,0.597667634,0.597667634,0.597667634,0.597667634,0.597667634
training,0.2,2,0.001,0.592322648,0.595238098,0.598639446,0.598396506,0.598153549,0.598639454,0.598396497,0.598396497,0.598396497,0.598396506,0.598396506,0.598396506,0.598396506,0.599125368,0.599125368,0.59888242,0.598153549,0.598396506,0.598396506,0.598396506,0.598639454,0.598882411,0.599611274,0.599368317,0.599125368,0.599125368,0.599125368,0.600583094,0.599611274,0.601311965,0.601311965,0.600826051,0.601069008,0.600340136,0.601069008,0.604956269,0.602769681,0.608114668,0.604227415,0.608600582,0.607142857,0.609815351,0.611273084,0.612001947,0.617589899,0.614188535,0.619290573,0.618561711,0.619290573,0.622934895,
validation,0.2,2,0.001,0.575801747,0.594752184,0.600583094,0.600583094,0.597667634,0.597667634,0.597667634,0.597667634,0.597667634,0.597667634,0.597667634,0.597667634,0.597667634,0.597667634,0.597667634,0.597667634,0.597667634,0.597667634,0.597667634,0.597667634,0.597667634,0.597667634,0.597667634,0.597667634,0.597667634,0.597667634,0.597667634,0.59912536,0.597667634,0.597667634,0.59912536,0.59912536,0.59912536,0.597667634,0.596209909,0.600583094,0.59912536,0.604956269,0.600583094,0.600583094,0.603498544,0.603498544,0.602040819,0.604956269,0.609329445,0.606413995,0.602040819,0.604956269,0.600583094,0.603498544,0.603498544
training,0.2,2,0.0001,0.504373171,0.527939741,0.522837707,0.520408162,0.523080647,0.531827007,0.541788144,0.54081632,0.541302242,0.547133135,0.546890178,0.556122439,0.573372202,0.580417871,0.58163264,0.588678326,0.590864922,0.593051502,0.593537399,0.593780364,0.595724004,0.596209909,0.596452858,0.596452866,0.596938772,0.598396497,0.597667634,0.597181729,0.598396497,0.597667643,0.597910592,0.597910583,0.59815354,0.59815354,0.59815354,0.597910583,0.59815354,0.598396497,0.598396497,0.59815354,0.598396497,0.598396497,0.598396497,0.598396497,0.598396497,0.598396497,0.59815354,0.59815354,0.59815354,0.59815354,
validation,0.2,2,0.0001,0.507288631,0.524781329,0.514577261,0.523323613,0.543731775,0.561224486,0.572886305,0.578717206,0.580174931,0.571428576,0.575801751,0.581632657,0.590379017,0.591836742,0.590379017,0.587463566,0.583090373,0.586005824,0.587463558,0.587463558,0.594752184,0.594752184,0.594752184,0.596209909,0.596209909,0.596209909,0.594752184,0.596209909,0.596209909,0.596209909,0.596209909,0.594752184,0.594752184,0.596209909,0.596209909,0.596209909,0.596209909,0.596209909,0.596209909,0.596209909,0.596209909,0.596209909,0.596209909,0.596209909,0.596209909,0.596209909,0.596209909,0.596209909,0.596209909,0.596209909,0.596209909
training,0.2,3,0.01,0.597667634,0.597667634,0.597667634,0.597667634,0.597667634,0.597910592,0.597910592,0.597910592,0.597910592,0.597910592,0.597910592,0.597910592,0.597910592,0.597910592,0.597910592,0.598153549,0.597910592,0.597910592,0.597667634,0.59815354,0.598396497,0.598396497,0.598396497,0.598639446,0.598882403,0.598639454,0.598153549,0.598396497,0.598396497,0.598396497,0.598396497,0.59815354,0.598396497,0.598396497,0.598396497,0.59912536,0.599854222,0.59815354,0.598396497,0.59912536,0.598639454,0.598639454,0.598639454,0.59912536,0.602040819,0.598396497,0.598639454,0.599125368,0.599854231,0.598639454,
validation,0.2,3,0.01,0.597667634,0.597667634,0.597667634,0.597667634,0.597667634,0.597667634,0.597667634,0.597667634,0.597667634,0.597667634,0.597667634,0.597667634,0.597667634,0.597667634,0.597667634,0.597667634,0.597667634,0.597667634,0.597667634,0.597667634,0.597667634,0.597667634,0.597667634,0.597667634,0.597667634,0.597667634,0.597667634,0.597667634,0.597667634,0.597667634,0.597667634,0.597667634,0.597667634,0.597667634,0.597667634,0.597667634,0.596209909,0.597667634,0.597667634,0.597667634,0.597667634,0.597667634,0.597667634,0.597667634,0.59912536,0.597667634,0.597667634,0.597667634,0.597667634,0.597667634,0.597667634
training,0.2,3,0.001,0.592808553,0.597910592,0.597910592,0.597910592,0.59815354,0.598153549,0.598396497,0.598396497,0.598396497,0.59815354,0.59815354,0.59815354,0.598396497,0.59815354,0.59815354,0.598396497,0.59815354,0.59815354,0.59815354,0.598639454,0.598396497,0.598639454,0.598639454,0.598396497,0.598396497,0.59815354,0.598396497,0.598396497,0.598639446,0.598882403,0.598639446,0.599125368,0.599854222,0.59912536,0.599611274,0.601311956,0.602283767,0.600340136,0.601311948,0.603498544,0.599611274,0.603741493,0.605442175,0.609329445,0.607628763,0.608114668,0.611273084,0.606171037,0.608600582,0.611516033,
validation,0.2,3,0.001,0.604956269,0.596209909,0.596209909,0.596209909,0.596209909,0.597667634,0.597667634,0.597667634,0.597667634,0.597667634,0.597667634,0.597667634,0.597667634,0.597667634,0.597667634,0.597667634,0.597667634,0.597667634,0.597667634,0.597667634,0.597667634,0.597667634,0.597667634,0.597667634,0.596209909,0.596209909,0.596209909,0.596209909,0.596209909,0.597667634,0.597667634,0.597667634,0.59912536,0.596209909,0.59912536,0.59912536,0.59912536,0.59912536,0.600583085,0.600583085,0.59912536,0.59912536,0.59912536,0.60204081,0.60204081,0.60204081,0.600583085,0.597667634,0.600583085,0.603498535,0.603498535
training,0.2,3,0.0001,0.533041788,0.534256548,0.53692905,0.534985419,0.545432461,0.552235178,0.5595238,0.568027203,0.576287661,0.581632648,0.587220592,0.586005832,0.591836733,0.593537407,0.594752184,0.595481038,0.594995141,0.596695815,0.595724004,0.596695815,0.597424677,0.596695823,0.597910592,0.5979106,0.598639463,0.597910592,0.597910592,0.598153549,0.597910592,0.597910592,0.597910592,0.598153549,0.597910592,0.597910592,0.597910592,0.598153549,0.5979106,0.597667643,0.598153549,0.598153549,0.598639463,0.598396506,0.597910592,0.597910592,0.598153549,0.598153549,0.597910592,0.597667634,0.597667634,0.597667634,
validation,0.2,3,0.0001,0.533527702,0.526239067,0.530612243,0.539358599,0.564139937,0.569970838,0.584548099,0.583090373,0.596209909,0.591836733,0.594752184,0.590379,0.594752192,0.604956269,0.606413995,0.604956269,0.606413995,0.603498544,0.602040819,0.602040819,0.602040819,0.602040819,0.603498544,0.602040819,0.600583094,0.599125368,0.599125368,0.597667634,0.596209909,0.597667634,0.597667634,0.597667634,0.597667634,0.597667634,0.597667634,0.597667634,0.597667634,0.597667634,0.597667634,0.597667634,0.597667634,0.597667634,0.597667634,0.597667634,0.597667634,0.597667634,0.597667634,0.597667634,0.597667634,0.597667634,0.597667634
training,0.4,1,0.01,0.597667634,0.597667634,0.597667634,0.597667634,0.597667634,0.597667634,0.597667634,0.597910583,0.597667634,0.597667634,0.597910583,0.597910583,0.597910583,0.597910583,0.597910583,0.597910583,0.59815354,0.598396497,0.598396497,0.59815354,0.59815354,0.598639454,0.59815354,0.597910583,0.597910583,0.597910583,0.598396497,0.597910583,0.597910583,0.597910583,0.59815354,0.59815354,0.598639446,0.59815354,0.597910583,0.598396497,0.598396497,0.59815354,0.59912536,0.598882411,0.598882411,0.601797862,0.598396497,0.598396497,0.598396497,0.598396497,0.598396497,0.598639454,0.598396497,0.598882411,
validation,0.4,1,0.01,0.597667634,0.597667634,0.597667634,0.597667634,0.597667634,0.597667634,0.597667634,0.597667634,0.597667634,0.597667634,0.597667634,0.597667634,0.597667634,0.597667634,0.597667634,0.597667634,0.597667634,0.596209909,0.596209909,0.597667634,0.596209909,0.597667634,0.596209909,0.596209909,0.596209909,0.596209909,0.596209909,0.596209909,0.597667634,0.596209909,0.596209909,0.596209909,0.59912536,0.596209909,0.596209909,0.596209909,0.596209909,0.596209909,0.597667634,0.596209909,0.596209909,0.597667634,0.596209909,0.597667634,0.597667634,0.596209909,0.596209909,0.596209909,0.596209909,0.597667634,0.597667634
training,0.4,1,0.001,0.589407189,0.598153532,0.599125351,0.597910583,0.597667626,0.597910583,0.59815354,0.597667634,0.597667634,0.597424677,0.597667634,0.597667634,0.597910583,0.597910583,0.59815354,0.597910583,0.59815354,0.59815354,0.597667634,0.597667634,0.597910583,0.59815354,0.598396497,0.597910583,0.598639446,0.597910583,0.59912536,0.59815354,0.598639446,0.600097179,0.59815354,0.597910583,0.598396497,0.600826042,0.598396497,0.598639446,0.600583085,0.600826042,0.599611265,0.600097179,0.59815354,0.600583085,0.59815354,0.601554905,0.600583085,0.600583085,0.601797853,0.600583085,0.598639446,0.598396497,
validation,0.4,1,0.001,0.590379008,0.594752184,0.594752184,0.597667634,0.597667634,0.597667634,0.597667634,0.597667634,0.597667634,0.597667634,0.597667634,0.597667634,0.597667634,0.597667634,0.597667634,0.597667634,0.597667634,0.597667634,0.597667634,0.597667634,0.597667634,0.597667634,0.597667634,0.597667634,0.597667634,0.597667634,0.597667634,0.597667634,0.597667634,0.59912536,0.597667634,0.597667634,0.597667634,0.600583085,0.597667634,0.597667634,0.600583085,0.600583085,0.597667634,0.59912536,0.597667634,0.59912536,0.597667634,0.59912536,0.59912536,0.59912536,0.600583085,0.59912536,0.59912536,0.59912536,0.59912536
training,0.4,1,0.0001,0.554664714,0.567784246,0.565597662,0.562196306,0.5595238,0.564382898,0.564625846,0.56729834,0.578231284,0.588192412,0.587220609,0.591836725,0.594509227,0.594752184,0.598153549,0.596209918,0.597424677,0.59718172,0.597181729,0.597667634,0.59718172,0.595966961,0.595238098,0.595966952,0.596695823,0.597181729,0.5979106,0.597424686,0.598153549,0.598396497,0.598882411,0.598882411,0.598882411,0.598396497,0.598639454,0.598639454,0.598639454,0.598639454,0.598396497,0.59815354,0.597910592,0.59815354,0.59815354,0.598396497,0.598153549,0.598396497,0.598396497,0.598396497,0.59815354,0.59815354,
validation,0.4,1,0.0001,0.533527685,0.534985419,0.561224478,0.546647225,0.55393586,0.548104946,0.540816324,0.551020401,0.562682211,0.574344022,0.578717206,0.583090373,0.586005824,0.590379008,0.588921283,0.593294459,0.596209918,0.594752184,0.596209909,0.596209909,0.59912536,0.596209909,0.596209909,0.597667634,0.594752184,0.597667634,0.597667634,0.59912536,0.59912536,0.59912536,0.59912536,0.59912536,0.59912536,0.597667634,0.597667634,0.597667634,0.597667634,0.597667634,0.597667634,0.597667634,0.597667634,0.597667634,0.597667634,0.597667634,0.597667634,0.597667634,0.597667634,0.597667634,0.597667634,0.597667634,0.597667634
training,0.4,2,0.01,0.597910592,0.597667634,0.597910592,0.597910592,0.597910592,0.597910592,0.597667634,0.597910583,0.597910583,0.597910583,0.597910583,0.597910583,0.597910583,0.597910583,0.597910583,0.598396497,0.597910583,0.59815354,0.59815354,0.597910583,0.598396497,0.598396497,0.59815354,0.59815354,0.59815354,0.598396497,0.598882403,0.599611274,0.597910583,0.597910583,0.59815354,0.59815354,0.598882403,0.59815354,0.59815354,0.59815354,0.59815354,0.598396489,0.59815354,0.598153532,0.597910583,0.597910583,0.597910583,0.59815354,0.598396489,0.598153532,0.598153532,0.59815354,0.598396489,0.598396489,
validation,0.4,2,0.01,0.597667634,0.597667634,0.597667634,0.597667634,0.597667634,0.597667634,0.597667634,0.597667634,0.597667634,0.597667634,0.597667634,0.597667634,0.597667634,0.597667634,0.597667634,0.600583085,0.597667634,0.597667634,0.597667634,0.597667634,0.597667634,0.597667634,0.597667634,0.597667634,0.597667634,0.597667634,0.600583085,0.59912536,0.597667634,0.597667634,0.597667634,0.597667634,0.600583085,0.597667634,0.597667634,0.597667634,0.597667634,0.597667634,0.597667634,0.597667634,0.597667634,0.597667634,0.597667634,0.597667634,0.597667634,0.597667634,0.597667634,0.597667634,0.597667634,0.597667634,0.597667634
training,0.4,2,0.001,0.589164223,0.598153549,0.59815354,0.598639446,0.59815354,0.598153532,0.598396489,0.59815354,0.597667634,0.597667634,0.597667634,0.597910592,0.597667634,0.597667634,0.597667634,0.597910592,0.597910592,0.597910592,0.597910592,0.597910592,0.597910592,0.597910592,0.597667634,0.597667634,0.597667634,0.597667634,0.597667634,0.597667634,0.597667634,0.597667634,0.597667634,0.597667634,0.597667634,0.597667634,0.597667634,0.597667634,0.597667634,0.597667634,0.597667634,0.597667634,0.597667634,0.597667634,0.597667634,0.597667634,0.597667634,0.597667634,0.597667634,0.597667634,0.597910583,0.597910583,
validation,0.4,2,0.001,0.597667634,0.597667634,0.59912536,0.597667634,0.597667634,0.597667634,0.597667634,0.597667634,0.597667634,0.597667634,0.597667634,0.597667634,0.597667634,0.597667634,0.597667634,0.597667634,0.597667634,0.597667634,0.597667634,0.597667634,0.597667634,0.597667634,0.597667634,0.597667634,0.597667634,0.597667634,0.597667634,0.597667634,0.597667634,0.597667634,0.597667634,0.597667634,0.597667634,0.597667634,0.597667634,0.597667634,0.597667634,0.597667634,0.597667634,0.597667634,0.597667634,0.597667634,0.597667634,0.597667634,0.597667634,0.597667634,0.597667634,0.597667634,0.597667634,0.597667634,0.597667634
training,0.4,2,0.0001,0.481535473,0.542274054,0.564139945,0.577259481,0.582604459,0.585519918,0.587463549,0.588921283,0.591350819,0.586977635,0.588192412,0.587949455,0.593051502,0.594509227,0.596452858,0.595966961,0.597910583,0.597667626,0.597424677,0.598882403,0.598882403,0.59815354,0.59718172,0.597424677,0.596938772,0.597910583,0.597910583,0.597424677,0.59718172,0.597667626,0.597424669,0.59718172,0.596695815,0.596938763,0.59718172,0.59718172,0.59718172,0.597424677,0.597667634,0.597667634,0.597667634,0.597667634,0.597910592,0.597910592,0.597910592,0.597910592,0.597667634,0.597910592,0.597910583,0.597910583,
validation,0.4,2,0.0001,0.483965009,0.543731775,0.572886288,0.555393585,0.564139949,0.577259481,0.575801756,0.575801756,0.569970846,0.575801747,0.584548099,0.581632648,0.591836742,0.588921283,0.590379008,0.593294459,0.591836742,0.593294459,0.590379008,0.591836733,0.594752184,0.597667634,0.597667634,0.59912536,0.602040819,0.600583094,0.600583094,0.600583094,0.59912536,0.597667634,0.597667634,0.597667634,0.596209909,0.597667634,0.596209909,0.596209909,0.596209909,0.596209909,0.594752184,0.594752184,0.596209909,0.596209909,0.596209909,0.596209909,0.596209909,0.596209909,0.596209909,0.596209909,0.596209909,0.596209909,0.596209909
training,0.4,3,0.01,0.597667634,0.597667634,0.597667634,0.597667634,0.597667634,0.597667634,0.597667634,0.597667634,0.597667634,0.597667634,0.597667634,0.597667634,0.597667634,0.597667634,0.597667634,0.597667634,0.597667634,0.597667634,0.597667634,0.597667634,0.597667634,0.597667634,0.597667634,0.597667634,0.597667634,0.597667634,0.597667634,0.597910592,0.597667634,0.597667634,0.597667634,0.597667634,0.597667634,0.597910592,0.597910592,0.597910592,0.597910592,0.597910592,0.597910592,0.597910592,0.597667634,0.597910592,0.597910592,0.597910592,0.597910592,0.597910592,0.597910592,0.597910592,0.597910592,0.597910592,
validation,0.4,3,0.01,0.597667634,0.597667634,0.597667634,0.597667634,0.597667634,0.597667634,0.597667634,0.597667634,0.597667634,0.597667634,0.597667634,0.597667634,0.597667634,0.597667634,0.597667634,0.597667634,0.597667634,0.597667634,0.597667634,0.597667634,0.597667634,0.597667634,0.597667634,0.597667634,0.597667634,0.597667634,0.597667634,0.597667634,0.597667634,0.597667634,0.597667634,0.597667634,0.597667634,0.597667634,0.597667634,0.597667634,0.597667634,0.597667634,0.597667634,0.597667634,0.597667634,0.597667634,0.597667634,0.597667634,0.597667634,0.597667634,0.597667634,0.597667634,0.597667634,0.597667634,0.597667634
training,0.4,3,0.001,0.586734687,0.598639446,0.598882403,0.59815354,0.597910592,0.597667634,0.597667634,0.597667634,0.597667634,0.597667634,0.597667634,0.597667634,0.597667634,0.597667634,0.597667634,0.597667634,0.597667634,0.597667634,0.597667634,0.597667634,0.597667634,0.597667634,0.597667634,0.597667634,0.597667634,0.597667634,0.597667634,0.597667634,0.597667634,0.597667634,0.597667634,0.597667634,0.597667634,0.597667634,0.597667634,0.597667634,0.597667634,0.597667634,0.597667634,0.597667634,0.597667634,0.597667634,0.597910592,0.597910592,0.597910592,0.597910592,0.597910592,0.597910592,0.597667634,0.597667634,
validation,0.4,3,0.001,0.591836733,0.597667634,0.597667634,0.597667634,0.597667634,0.597667634,0.597667634,0.597667634,0.597667634,0.597667634,0.597667634,0.597667634,0.597667634,0.597667634,0.597667634,0.597667634,0.597667634,0.597667634,0.597667634,0.597667634,0.597667634,0.597667634,0.597667634,0.597667634,0.597667634,0.597667634,0.597667634,0.597667634,0.597667634,0.597667634,0.597667634,0.597667634,0.597667634,0.597667634,0.597667634,0.597667634,0.597667634,0.597667634,0.597667634,0.597667634,0.597667634,0.597667634,0.597667634,0.597667634,0.597667634,0.597667634,0.597667634,0.597667634,0.597667634,0.597667634,0.597667634
training,0.4,3,0.0001,0.520408166,0.525996106,0.535957243,0.554664718,0.568027207,0.586977652,0.588921283,0.59329445,0.593051493,0.591836725,0.594023313,0.592565588,0.595966944,0.595723995,0.596938772,0.596209909,0.595966952,0.596209909,0.596695815,0.596938772,0.597181729,0.597181729,0.597424686,0.597181729,0.597181729,0.597910592,0.597910592,0.597910592,0.597910592,0.598153549,0.598153549,0.597910592,0.597910592,0.597910592,0.597910592,0.597910592,0.598153549,0.598153549,0.598153549,0.598153549,0.598153549,0.597910592,0.597910592,0.597910592,0.598153549,0.597910592,0.597667634,0.597667634,0.597667634,0.597667634,
validation,0.4,3,0.0001,0.501457717,0.511661802,0.520408154,0.53644314,0.552478122,0.565597662,0.569970846,0.580174923,0.580174923,0.577259472,0.587463549,0.587463549,0.588921274,0.591836733,0.591836725,0.59329445,0.59329445,0.594752184,0.594752184,0.594752184,0.594752184,0.594752184,0.594752184,0.594752184,0.594752184,0.594752184,0.594752184,0.594752184,0.594752184,0.594752184,0.596209909,0.596209909,0.596209909,0.597667634,0.597667634,0.597667634,0.597667634,0.597667634,0.597667634,0.597667634,0.597667634,0.597667634,0.597667634,0.597667634,0.597667634,0.597667634,0.597667634,0.597667634,0.597667634,0.597667634,0.597667634
