,Number_of_Pitches,Number_of_Pitch_Classes,Number_of_Common_Pitches,Number_of_Common_Pitch_Classes,Range,Importance_of_Bass_Register,Importance_of_Middle_Register,Importance_of_High_Register,Dominant_Spread,Strong_Tonal_Centres,Mean_Pitch,Mean_Pitch_Class,Most_Common_Pitch,Most_Common_Pitch_Class,Prevalence_of_Most_Common_Pitch,Prevalence_of_Most_Common_Pitch_Class,Relative_Prevalence_of_Top_Pitches,Relative_Prevalence_of_Top_Pitch_Classes,Interval_Between_Most_Prevalent_Pitches,Interval_Between_Most_Prevalent_Pitch_Classes,Pitch_Variability,Pitch_Class_Variability,Pitch_Class_Variability_After_Folding,Pitch_Skewness,Pitch_Class_Skewness,Pitch_Class_Skewness_After_Folding,Pitch_Kurtosis,Pitch_Class_Kurtosis,Pitch_Class_Kurtosis_After_Folding,Major_or_Minor,First_Pitch,First_Pitch_Class,Last_Pitch,Last_Pitch_Class,Most_Common_Melodic_Interval,Mean_Melodic_Interval,Number_of_Common_Melodic_Intervals,Distance_Between_Most_Prevalent_Melodic_Intervals,Prevalence_of_Most_Common_Melodic_Interval,Relative_Prevalence_of_Most_Common_Melodic_Intervals,Amount_of_Arpeggiation,Repeated_Notes,Chromatic_Motion,Stepwise_Motion,Melodic_Thirds,Melodic_Perfect_Fourths,Melodic_Tritones,Melodic_Perfect_Fifths,Melodic_Sixths,Melodic_Sevenths,Melodic_Octaves,Melodic_Large_Intervals,Minor_Major_Melodic_Third_Ratio,Melodic_Embellishments,Direction_of_Melodic_Motion,Average_Length_of_Melodic_Arcs,Average_Interval_Spanned_by_Melodic_Arcs,Melodic_Pitch_Variety,Simple_Initial_Meter,Compound_Initial_Meter,Complex_Initial_Meter,Duple_Initial_Meter,Triple_Initial_Meter,Quadruple_Initial_Meter,Metrical_Diversity,Total_Number_of_Notes,Note_Density_per_Quarter_Note,Note_Density_per_Quarter_Note_per_Voice,Note_Density_per_Quarter_Note_Variability,Range_of_Rhythmic_Values,Number_of_Different_Rhythmic_Values_Present,Number_of_Common_Rhythmic_Values_Present,Prevalence_of_Very_Short_Rhythmic_Values,Prevalence_of_Short_Rhythmic_Values,Prevalence_of_Medium_Rhythmic_Values,Prevalence_of_Long_Rhythmic_Values,Prevalence_of_Very_Long_Rhythmic_Values,Prevalence_of_Dotted_Notes,Shortest_Rhythmic_Value,Longest_Rhythmic_Value,Mean_Rhythmic_Value,Most_Common_Rhythmic_Value,Prevalence_of_Most_Common_Rhythmic_Value,Relative_Prevalence_of_Most_Common_Rhythmic_Values,Difference_Between_Most_Common_Rhythmic_Values,Rhythmic_Value_Variability,Rhythmic_Value_Skewness,Rhythmic_Value_Kurtosis,Mean_Rhythmic_Value_Run_Length,Median_Rhythmic_Value_Run_Length,Variability_in_Rhythmic_Value_Run_Lengths,Mean_Rhythmic_Value_Offset,Median_Rhythmic_Value_Offset,Variability_of_Rhythmic_Value_Offsets,Complete_Rests_Fraction,Partial_Rests_Fraction,Average_Rest_Fraction_Across_Voices,Longest_Complete_Rest,Longest_Partial_Rest,Mean_Complete_Rest_Duration,Mean_Partial_Rest_Duration,Median_Complete_Rest_Duration,Median_Partial_Rest_Duration,Variability_of_Complete_Rest_Durations,Variability_of_Partial_Rest_Durations,Variability_Across_Voices_of_Combined_Rests,Number_of_Strong_Rhythmic_Pulses_-_Tempo_Standardized,Number_of_Moderate_Rhythmic_Pulses_-_Tempo_Standardized,Number_of_Relatively_Strong_Rhythmic_Pulses_-_Tempo_Standardized,Strongest_Rhythmic_Pulse_-_Tempo_Standardized,Second_Strongest_Rhythmic_Pulse_-_Tempo_Standardized,Harmonicity_of_Two_Strongest_Rhythmic_Pulses_-_Tempo_Standardized,Strength_of_Strongest_Rhythmic_Pulse_-_Tempo_Standardized,Strength_of_Second_Strongest_Rhythmic_Pulse_-_Tempo_Standardized,Strength_Ratio_of_Two_Strongest_Rhythmic_Pulses_-_Tempo_Standardized,Combined_Strength_of_Two_Strongest_Rhythmic_Pulses_-_Tempo_Standardized,Rhythmic_Variability_-_Tempo_Standardized,Rhythmic_Looseness_-_Tempo_Standardized,Polyrhythms_-_Tempo_Standardized,Initial_Tempo,Mean_Tempo,Tempo_Variability,Duration_in_Seconds,Note_Density,Note_Density_Variability,Average_Time_Between_Attacks,Average_Time_Between_Attacks_for_Each_Voice,Variability_of_Time_Between_Attacks,Average_Variability_of_Time_Between_Attacks_for_Each_Voice,Minimum_Note_Duration,Maximum_Note_Duration,Average_Note_Duration,Variability_of_Note_Durations,Amount_of_Staccato,Number_of_Strong_Rhythmic_Pulses,Number_of_Moderate_Rhythmic_Pulses,Number_of_Relatively_Strong_Rhythmic_Pulses,Strongest_Rhythmic_Pulse,Second_Strongest_Rhythmic_Pulse,Harmonicity_of_Two_Strongest_Rhythmic_Pulses,Strength_of_Strongest_Rhythmic_Pulse,Strength_of_Second_Strongest_Rhythmic_Pulse,Strength_Ratio_of_Two_Strongest_Rhythmic_Pulses,Combined_Strength_of_Two_Strongest_Rhythmic_Pulses,Rhythmic_Variability,Rhythmic_Looseness,Polyrhythms
F:\AlphaProject\_PythonML\MidiGAN\gan_results\conv_gan_1.1\title\midi\run4\run4_epoch3500_1.mid,24,12,3,0,33,0,0.01,0.99,2,4,86,4.93,87,3,0.15,0.15,0.7333,0.8,2,3,4.949,3.704,3.412,0.1758,0.7532,-0.255,8.368,4.916,5.088,0,67,7,84,0,0,1.848,4,1,0.303,0.7333,0.5152,0.303,0.2222,0.4242,0.1919,0.0202,0.0404,0,0,0.0101,0.0101,0,1.714,0,0.4928,1.725,4.525,4.111,1,0,0,0,0,1,1,100,2.399,2.399,1.041,2,3,2,0.27,1,0.73,0,0,0,0.125,0.5,0.4313,0.5,0.73,0.3562,1,0.1143,-1.805,5.515,2.326,1,2.818,0.0775,0.08333,0.03364,0.05447,0.05447,0.05447,0.125,0.125,0.125,0.125,0.125,0.125,0,0,0,0,30,23,41,49,1.195,0.04635,0.0303,1.529,0.07665,0.008746,5.609,0.1739,120,120,0,20.84,4.798,2.221,0.1979,0.1979,0.03599,0.03599,0.04167,0.2812,0.1971,0.03493,0.01,0,30,23,41,49,1.195,0.04635,0.0303,1.529,0.07665,0.008746,5.609,0.1739
F:\AlphaProject\_PythonML\MidiGAN\gan_results\conv_gan_1.1\title\midi\run4\run4_epoch3500_10.mid,17,12,4,0,26,0,0.01,0.99,3,4,82,5.5,84,0,0.14,0.14,0.8571,0.8571,1,11,3.77,3.834,3.398,-0.07958,-0.3913,-0.08829,8.498,4.758,4.995,0,67,7,84,0,1,1.949,5,1,0.2828,0.8214,0.4444,0.202,0.2828,0.5152,0.2222,0.0303,0,0.0101,0.0101,0.0101,0,0,1,0,0.481,1.681,4.085,4.681,1,0,0,0,0,1,1,100,2.516,2.516,0.08869,2,3,2,0.39,1,0.61,0,0,0,0.125,0.5,0.4,0.5,0.61,0.6066,1,0.1269,-2.364,4.595,1.923,1,1.37,0.07854,0.08333,0.03374,0.04874,0.04874,0.04874,0,0,0,0,0,0,0,0,0,0,31,29,40,43,1.075,0.03885,0.03716,1.045,0.07601,0.008413,6.897,0.1379,120,120,0,19.88,5.031,0.3535,0.1877,0.1877,0.03502,0.03502,0.04167,0.2604,0.1891,0.03458,0.02,0,31,29,40,43,1.075,0.03885,0.03716,1.045,0.07601,0.008413,6.897,0.1379
F:\AlphaProject\_PythonML\MidiGAN\gan_results\conv_gan_1.1\title\midi\run4\run4_epoch3500_100.mid,21,12,3,0,26,0,0,1,3,4,93,6.33,91,7,0.17,0.17,0.7059,0.9412,2,2,4.75,3.352,3.485,0.4358,-0.5997,0.7146,6.937,5.113,5.021,0,81,9,89,5,1,2.162,4,1,0.303,0.6667,0.3737,0.1717,0.303,0.5051,0.1818,0.06061,0.05051,0.0202,0.0101,0,0,0,1.25,0,0.4512,1.577,4.077,4.581,1,0,0,0,0,1,1,100,2.389,2.389,1.026,2,3,2,0.27,1,0.73,0,0,0,0.125,0.5,0.4313,0.5,0.73,0.3562,1,0.1143,-1.805,5.515,2.041,1,1.683,0.08104,0.08333,0.03269,0.05276,0.05276,0.05276,0,0,0,0,0,0,0,0,0,0,29,29,73,51,1.431,0.03063,0.03063,1,0.06126,0.008671,7.586,0.1724,120,120,0,20.93,4.778,2.22,0.1989,0.1989,0.02958,0.02958,0.08333,0.2604,0.1982,0.02846,0.01,0,29,29,73,51,1.431,0.03063,0.03063,1,0.06126,0.008671,7.586,0.1724
F:\AlphaProject\_PythonML\MidiGAN\gan_results\conv_gan_1.1\title\midi\run4\run4_epoch3500_11.mid,21,12,4,0,25,0,0.02,0.98,2,3,81,5.35,82,4,0.12,0.13,0.8333,0.9231,6,1,4.587,3.319,3.446,-0.5297,0.3163,-0.2002,6.056,5.079,4.979,0,67,7,82,10,1,1.848,4,1,0.3232,0.6875,0.404,0.2222,0.3232,0.5152,0.1717,0.06061,0.0101,0,0.0101,0.0101,0,0,1.429,0.01,0.4805,1.925,4.5,3.968,1,0,0,0,0,1,1,100,2.463,2.463,1.059,2,3,2,0.39,1,0.61,0,0,0,0.125,0.5,0.4012,0.5,0.61,0.623,1,0.1247,-2.375,4.49,1.667,1,1.284,0.08042,0.08333,0.03271,0.05285,0.05285,0.05285,0,0,0,0,0,0,0,0,0,0,26,18,43,41,1.049,0.04159,0.03986,1.043,0.08146,0.00845,10.22,0.1667,120,120,0,20.3,4.926,2.292,0.1926,0.1926,0.03628,0.03628,0.02083,0.2917,0.1923,0.03511,0.01,0,26,18,43,41,1.049,0.04159,0.03986,1.043,0.08146,0.00845,10.22,0.1667
F:\AlphaProject\_PythonML\MidiGAN\gan_results\conv_gan_1.1\title\midi\run4\run4_epoch3500_12.mid,20,12,2,0,27,0,0.14,0.86,1,3,76,4.84,79,7,0.15,0.16,0.8667,0.875,4,4,4.561,3.168,3.498,0.2368,-0.1515,0.06861,8.552,5.198,4.871,0,58,10,65,5,1,1.828,4,1,0.3333,0.6061,0.4343,0.202,0.3333,0.5152,0.2323,0.0202,0.0101,0,0.0101,0,0,0.0101,2.833,0,0.5063,1.519,3.442,4.292,1,0,0,0,0,1,1,100,2.453,2.453,1.062,2,3,2,0.35,1,0.65,0,0,0,0.125,0.5,0.41,0.5,0.65,0.5077,1,0.1245,-2.169,4.841,2,1,1.807,0.07688,0.08333,0.03359,0.0511,0.0511,0.0511,0,0,0,0,0,0,0,0,0,0,30,24,41,43,1.049,0.03503,0.03503,1,0.07005,0.008474,8.958,0.125,120,120,0,20.39,4.905,2.314,0.1931,0.1931,0.03513,0.03513,0.04167,0.2604,0.1934,0.03387,0.02,0,30,24,41,43,1.049,0.03503,0.03503,1,0.07005,0.008474,8.958,0.125
F:\AlphaProject\_PythonML\MidiGAN\gan_results\conv_gan_1.1\title\midi\run4\run4_epoch3500_13.mid,20,12,1,0,20,0,0,1,3,4,90,5.2,90,0,0.1,0.14,0.8,0.7857,2,10,4.995,3.769,3.467,0.1682,0.1592,0.1731,5.325,4.807,5.024,0,84,0,97,1,0,1.99,4,1,0.2626,0.8846,0.5354,0.2626,0.2323,0.4141,0.2424,0.0303,0,0.0202,0.0202,0,0.0101,0,2,0,0.4932,1.659,4.295,4.597,1,0,0,0,0,1,1,100,2.379,2.379,0.1393,1,2,2,0.34,1,0.66,0,0,0,0.25,0.5,0.415,0.5,0.66,0.5152,1,0.119,-2.142,4.625,2.041,1,1.859,0.07813,0.08333,0.03558,0.05401,0.05401,0.05401,0,0,0,0,0,0,0,0,0,0,28,23,41,43,1.049,0.03559,0.03203,1.111,0.06762,0.008183,13.17,0.1304,120,120,0,21.02,4.757,0.3859,0.1992,0.1992,0.03268,0.03268,0.125,0.2917,0.1989,0.03085,0,0,28,23,41,43,1.049,0.03559,0.03203,1.111,0.06762,0.008183,13.17,0.1304
F:\AlphaProject\_PythonML\MidiGAN\gan_results\conv_gan_1.1\title\midi\run4\run4_epoch3500_14.mid,30,12,0,0,33,0,0.27,0.73,2,4,80,5.26,72,0,0.08,0.12,1,1,1,1,8.758,3.642,3.53,0.1302,0.2142,-0.5269,4.869,4.77,4.936,0,86,2,66,6,1,1.899,5,2,0.3232,0.5937,0.5051,0.1818,0.3232,0.4747,0.303,0.0101,0.0101,0.0202,0,0,0,0,1.727,0,0.4321,1.558,3.558,4.424,1,0,0,0,0,1,1,100,2.363,2.363,0.09955,1,2,2,0.3,1,0.7,0,0,0,0.25,0.5,0.425,0.5,0.7,0.4286,1,0.1151,-1.954,4.946,2.222,1,2.43,0.07625,0.08333,0.03314,0.05268,0.05268,0.05268,0,0,0,0,0,0,0,0,0,0,25,25,141,43,3.279,0.03102,0.03102,1,0.06204,0.008253,14.8,0.16,120,120,0,21.16,4.727,0.16,0.2002,0.2002,0.03134,0.03134,0.1146,0.2917,0.2004,0.03071,0,0,25,25,141,43,3.279,0.03102,0.03102,1,0.06204,0.008253,14.8,0.16
F:\AlphaProject\_PythonML\MidiGAN\gan_results\conv_gan_1.1\title\midi\run4\run4_epoch3500_15.mid,20,12,6,0,23,0,0,1,3,4,99,4.77,102,6,0.14,0.15,0.7857,0.8,5,5,4.103,3.42,3.214,-0.4021,-0.2018,-0.2707,7.067,5.189,5.305,0,85,1,96,0,1,1.707,5,1,0.3333,0.6364,0.4646,0.2121,0.3333,0.5051,0.2525,0.0202,0.0101,0,0,0,0,0,1.273,0,0.4744,1.625,3.458,4.236,1,0,0,0,0,1,1,100,2.442,2.442,1.052,1,2,2,0.3,1,0.7,0,0,0,0.25,0.5,0.425,0.5,0.7,0.4286,1,0.1151,-1.954,4.946,1.887,1,1.565,0.08125,0.08333,0.03421,0.04883,0.04883,0.04883,0,0,0,0,0,0,0,0,0,0,27,26,43,41,1.049,0.03866,0.03339,1.158,0.07206,0.008569,9.038,0.1154,120,120,0,20.48,4.883,2.278,0.1944,0.1944,0.02943,0.02943,0.1354,0.25,0.1948,0.02688,0,0,27,26,43,41,1.049,0.03866,0.03339,1.158,0.07206,0.008569,9.038,0.1154
F:\AlphaProject\_PythonML\MidiGAN\gan_results\conv_gan_1.1\title\midi\run4\run4_epoch3500_16.mid,26,12,4,0,29,0,0.31,0.69,1,5,76,4.97,73,1,0.12,0.15,0.8333,0.8,3,9,6.872,3.732,3.371,1.035,0.7797,-0.4361,5.901,4.824,5.08,0,76,4,73,1,1,1.545,4,1,0.3131,0.7742,0.4141,0.2424,0.3131,0.5556,0.1717,0.0202,0,0,0.0101,0,0,0,2.4,0.01,0.4667,1.786,3.571,3.516,1,0,0,0,0,1,1,100,2.4,2.4,1.029,2,3,2,0.31,1,0.69,0,0,0,0.125,0.5,0.4213,0.5,0.69,0.4348,1,0.1187,-1.99,5.046,1.923,1,2.626,0.07938,0.08333,0.03087,0.0485,0.0485,0.0485,0,0,0,0,0,0,0,0,0,0,26,17,43,41,1.049,0.04513,0.0343,1.316,0.07942,0.008557,6.118,0.2353,120,120,0,20.83,4.8,2.234,0.1976,0.1976,0.03517,0.03517,0.03125,0.2917,0.1982,0.03309,0.01,0,26,17,43,41,1.049,0.04513,0.0343,1.316,0.07942,0.008557,6.118,0.2353
F:\AlphaProject\_PythonML\MidiGAN\gan_results\conv_gan_1.1\title\midi\run4\run4_epoch3500_17.mid,19,12,5,1,21,0,0.01,0.99,2,5,86,4.11,86,2,0.2,0.2,0.65,0.65,1,1,3.796,2.781,3.699,0.05532,0.1187,1.014,7.73,5.682,4.825,0,86,2,77,5,1,1.808,5,1,0.3333,0.697,0.404,0.1818,0.3333,0.5657,0.2121,0.0101,0.0202,0,0,0.0101,0,0,1.1,0,0.4568,1.588,3.49,4.896,1,0,0,0,0,1,1,100,2.346,2.346,0.1012,1,2,2,0.29,1,0.71,0,0,0,0.25,0.5,0.4275,0.5,0.71,0.4085,1,0.114,-1.908,5.046,2.326,1,2.408,0.07521,0.08333,0.03685,0.05034,0.05034,0.05034,0.1042,0.1042,0.1042,0.1042,0.1042,0.1042,0,0,0,0,25,25,40,51,1.275,0.03297,0.03297,1,0.06593,0.008393,9.64,0.04,120,120,0,21.31,4.692,0.2304,0.2019,0.2019,0.03194,0.03194,0.1146,0.2812,0.2024,0.03169,0,0,25,25,40,51,1.275,0.03297,0.03297,1,0.06593,0.008393,9.64,0.04
F:\AlphaProject\_PythonML\MidiGAN\gan_results\conv_gan_1.1\title\midi\run4\run4_epoch3500_18.mid,22,12,3,0,27,0,0,1,2,2,96,5.77,99,3,0.12,0.14,0.9167,0.8571,4,8,4.8,3.524,3.352,-0.01875,-0.1958,-0.1522,6.367,4.93,5.057,0,83,11,95,11,1,1.677,4,1,0.3535,0.6571,0.3737,0.2323,0.3535,0.5657,0.1313,0.0303,0,0.0101,0.0303,0,0,0,2.25,0,0.5,1.652,3.413,3.93,1,0,0,0,0,1,1,100,2.367,2.367,0.1961,1,2,2,0.25,1,0.75,0,0,0,0.25,0.5,0.4375,0.5,0.75,0.3333,1,0.1088,-1.723,5.547,2.128,2,2.29,0.07854,0.08333,0.03335,0.04783,0.04783,0.04783,0,0,0,0,0,0,0,0,0,0,26,19,49,42,1.167,0.04022,0.03839,1.048,0.07861,0.009334,5.737,0.3158,120,120,0,21.12,4.734,0.2933,0.2004,0.2004,0.02999,0.02999,0.1354,0.2812,0.2011,0.02908,0,0,26,19,49,42,1.167,0.04022,0.03839,1.048,0.07861,0.009334,5.737,0.3158
F:\AlphaProject\_PythonML\MidiGAN\gan_results\conv_gan_1.1\title\midi\run4\run4_epoch3500_19.mid,30,12,1,0,31,0,0.27,0.73,3,4,78,5.27,90,6,0.09,0.15,0.5556,0.8667,22,1,8.34,3.133,3.501,-0.3777,-0.699,-0.1628,5.074,5.302,5.103,0,66,6,69,9,1,1.99,5,1,0.2828,0.75,0.4747,0.202,0.2828,0.4949,0.2525,0.0101,0,0.0101,0.0202,0,0.0101,0,1.083,0,0.4177,1.519,3.635,4.429,1,0,0,0,0,1,1,100,2.374,2.374,0.09354,3,4,2,0.27,0.99,0.73,0,0,0.01,0.125,0.75,0.4338,0.5,0.72,0.3611,1,0.1185,-1.678,5.825,2.222,1,2.402,0.07938,0.08333,0.03157,0.05589,0.05589,0.05589,0,0,0,0,0,0,0,0,0,0,26,23,43,41,1.049,0.04022,0.03473,1.158,0.07495,0.009093,6.609,0.1739,120,120,0,21.06,4.748,0.3985,0.1996,0.1996,0.03502,0.03502,0.04167,0.3229,0.1989,0.03402,0.01,0,26,23,43,41,1.049,0.04022,0.03473,1.158,0.07495,0.009093,6.609,0.1739
F:\AlphaProject\_PythonML\MidiGAN\gan_results\conv_gan_1.1\title\midi\run4\run4_epoch3500_2.mid,15,12,5,0,15,0,0,1,2,5,88,4.83,89,5,0.16,0.16,0.9375,0.9375,3,3,2.95,2.701,3.611,0.1118,-0.1888,-0.02492,6.603,5.623,4.76,0,86,2,86,2,1,1.737,4,1,0.2828,0.8214,0.4646,0.2323,0.2828,0.4848,0.2323,0.0303,0.0202,0,0,0,0,0,1.875,0,0.5,1.727,3.795,4.314,1,0,0,0,0,1,1,100,2.232,2.232,0.09371,2,3,2,0.18,0.99,0.82,0,0,0.01,0.25,0.75,0.4575,0.5,0.81,0.2222,1,0.1008,-1.264,7.342,3.226,2,3.041,0.06729,0.0625,0.03938,0.05486,0.05486,0.05486,0,0,0,0,0,0,0,0,0,0,27,23,44,47,1.068,0.04134,0.0315,1.313,0.07283,0.009033,6.087,0.2609,120,120,0,22.41,4.463,0.2204,0.2134,0.2134,0.03349,0.03349,0.125,0.3333,0.2118,0.03207,0,0,27,23,44,47,1.068,0.04134,0.0315,1.313,0.07283,0.009033,6.087,0.2609
F:\AlphaProject\_PythonML\MidiGAN\gan_results\conv_gan_1.1\title\midi\run4\run4_epoch3500_20.mid,20,12,4,0,22,0,0.01,0.99,2,3,82,5.9,82,10,0.17,0.17,0.7647,0.7647,2,10,3.77,3.933,3.699,0.1751,-0.8392,0.3407,7.033,4.718,4.77,0,85,1,84,0,2,1.727,4,1,0.2828,0.8929,0.404,0.2222,0.2525,0.5354,0.1818,0.0404,0.0202,0,0,0,0,0,3.5,0,0.4286,1.674,3.63,4.833,1,0,0,0,0,1,1,100,2.398,2.398,1.029,1,2,2,0.33,1,0.67,0,0,0,0.25,0.5,0.4175,0.5,0.67,0.4925,1,0.1181,-2.095,4.695,2.222,2,1.622,0.07646,0.08333,0.03338,0.04845,0.04845,0.04845,0,0,0,0,0,0,0,0,0,0,29,22,41,47,1.146,0.03559,0.03203,1.111,0.06762,0.008492,11.36,0.09091,120,120,0,20.85,4.795,2.225,0.1977,0.1977,0.03125,0.03125,0.1354,0.2812,0.1984,0.03017,0,0,29,22,41,47,1.146,0.03559,0.03203,1.111,0.06762,0.008492,11.36,0.09091
F:\AlphaProject\_PythonML\MidiGAN\gan_results\conv_gan_1.1\title\midi\run4\run4_epoch3500_21.mid,24,12,1,0,24,0,0,1,1,5,91,5.66,90,6,0.12,0.13,0.6667,0.8462,2,2,5.026,3.195,3.346,0.3462,-0.3193,-0.52,6.262,5.261,5.104,0,86,2,95,11,1,1.707,4,1,0.2727,0.8889,0.4545,0.2424,0.2727,0.4848,0.2121,0.05051,0.0101,0,0,0,0,0,2.5,0,0.5067,1.875,4.175,4.215,1,0,0,0,0,1,1,100,2.442,2.442,1.049,1,2,2,0.31,1,0.69,0,0,0,0.25,0.5,0.4225,0.5,0.69,0.4493,1,0.1162,-2.001,4.855,2.041,1,1.62,0.0825,0.08333,0.02945,0.0468,0.0468,0.0468,0,0,0,0,0,0,0,0,0,0,27,25,49,43,1.14,0.04007,0.04007,1,0.08014,0.009325,9.96,0.32,120,120,0,20.48,4.883,2.269,0.1943,0.1943,0.02633,0.02633,0.1354,0.25,0.1952,0.02476,0,0,27,25,49,43,1.14,0.04007,0.04007,1,0.08014,0.009325,9.96,0.32
F:\AlphaProject\_PythonML\MidiGAN\gan_results\conv_gan_1.1\title\midi\run4\run4_epoch3500_22.mid,18,12,5,0,19,0,0,1,2,2,86,4.61,84,0,0.14,0.14,1,1,5,5,3.799,3.33,3.8,-0.05528,0.5496,0.2131,6.373,5.366,4.832,0,86,2,85,1,0,1.788,4,1,0.2828,0.7857,0.5152,0.2828,0.2222,0.4141,0.2323,0.0404,0.0101,0,0.0202,0,0,0,3.6,0,0.493,1.732,4.293,4.609,1,0,0,0,0,1,1,100,2.402,2.402,1.035,1,2,2,0.34,1,0.66,0,0,0,0.25,0.5,0.415,0.5,0.66,0.5152,1,0.119,-2.142,4.625,2.128,1,1.702,0.07521,0.08333,0.03452,0.04755,0.04755,0.04755,0,0,0,0,0,0,0,0,0,0,31,20,40,46,1.15,0.04594,0.0424,1.083,0.08834,0.008487,11.3,0.1,120,120,0,20.81,4.805,2.25,0.1973,0.1973,0.03053,0.03053,0.125,0.2604,0.1982,0.02933,0,0,31,20,40,46,1.15,0.04594,0.0424,1.083,0.08834,0.008487,11.3,0.1
F:\AlphaProject\_PythonML\MidiGAN\gan_results\conv_gan_1.1\title\midi\run4\run4_epoch3500_23.mid,26,12,3,0,29,0,0.33,0.67,3,2,76,5.98,69,9,0.11,0.16,1,0.875,4,5,7.713,3.42,3.021,0.599,-0.01754,0.3773,5.934,4.89,5.259,0,86,2,72,0,0,1.616,4,1,0.2626,1,0.4545,0.2626,0.2626,0.4949,0.1919,0.0303,0.0202,0,0,0,0,0,3.75,0,0.4384,1.738,3.738,3.169,1,0,0,0,0,1,1,100,2.345,2.345,0.1691,1,2,2,0.24,1,0.76,0,0,0,0.25,0.5,0.44,0.5,0.76,0.3158,1,0.1073,-1.677,5.704,2.273,1,2.872,0.07583,0.08333,0.03547,0.04934,0.04934,0.04934,0,0,0,0,0,0,0,0,0,0,27,15,43,50,1.163,0.05234,0.03551,1.474,0.08785,0.00905,5.8,0.2,120,120,0,21.32,4.69,0.324,0.2031,0.2031,0.02856,0.02856,0.125,0.2604,0.2027,0.02728,0,0,27,15,43,50,1.163,0.05234,0.03551,1.474,0.08785,0.00905,5.8,0.2
F:\AlphaProject\_PythonML\MidiGAN\gan_results\conv_gan_1.1\title\midi\run4\run4_epoch3500_24.mid,26,12,0,0,29,0,0.23,0.77,3,3,77,5.07,76,4,0.08,0.14,0.875,0.7857,1,1,6.56,3.459,3.362,0.3064,0.928,0.2231,5.31,5.006,5.046,0,75,3,75,3,1,1.818,4,1,0.3131,0.9355,0.3535,0.1414,0.3131,0.6061,0.2121,0.0404,0,0,0,0,0,0,1.625,0,0.4588,1.635,3.404,4.032,1,0,0,0,0,1,1,100,2.359,2.359,0.2148,3,4,2,0.28,0.99,0.72,0,0,0.01,0.125,0.75,0.4313,0.5,0.71,0.3803,1,0.1197,-1.723,5.701,2.273,2,1.897,0.07896,0.08333,0.03406,0.05504,0.05504,0.05504,0,0,0,0,0,0,0,0,0,0,25,23,43,40,1.075,0.04015,0.03832,1.048,0.07847,0.008676,9.13,0.2174,120,120,0,21.2,4.717,0.4701,0.2015,0.2015,0.03835,0.03835,0.05208,0.3125,0.2003,0.03519,0.01,0,25,23,43,40,1.075,0.04015,0.03832,1.048,0.07847,0.008676,9.13,0.2174
F:\AlphaProject\_PythonML\MidiGAN\gan_results\conv_gan_1.1\title\midi\run4\run4_epoch3500_25.mid,40,12,1,0,49,0.02,0.21,0.77,2,4,79,4.86,85,1,0.1,0.16,0.6,0.875,10,2,11.16,3.657,3.36,-1.037,0.7055,-0.9464,6.033,4.919,5.168,0,85,1,56,8,1,2.111,4,2,0.3131,0.6774,0.4545,0.1414,0.3131,0.4848,0.2929,0.0404,0.0202,0.0101,0,0.0101,0,0,2.625,0,0.4,1.809,4.426,4.831,1,0,0,0,0,1,1,100,2.254,2.254,0.1376,2,3,2,0.17,0.99,0.83,0,0,0.01,0.25,0.75,0.46,0.5,0.82,0.2073,1,0.09873,-1.215,7.65,3.03,1,2.953,0.07396,0.08333,0.03368,0.0615,0.0615,0.0615,0,0,0,0,0,0,0,0,0,0,28,28,42,48,1.143,0.03455,0.03263,1.059,0.06718,0.008878,6.393,0.1429,120,120,0,22.19,4.507,0.2325,0.2112,0.2112,0.03343,0.03343,0.1354,0.3229,0.2082,0.03003,0,0,28,28,42,48,1.143,0.03455,0.03263,1.059,0.06718,0.008878,6.393,0.1429
F:\AlphaProject\_PythonML\MidiGAN\gan_results\conv_gan_1.1\title\midi\run4\run4_epoch3500_26.mid,28,12,2,0,28,0,0.01,0.99,2,3,88,5.86,94,10,0.1,0.15,0.9,0.7333,2,9,7.148,3.69,3.515,-0.9821,-0.9268,-1.075,5.755,4.763,4.861,0,86,2,73,1,1,1.768,4,1,0.4141,0.4146,0.3737,0.1313,0.4141,0.5859,0.2424,0.0303,0.0101,0,0,0,0,0,2.429,0,0.4302,1.654,3.346,4.75,1,0,0,0,0,1,1,100,2.336,2.336,0.08839,1,2,2,0.25,1,0.75,0,0,0,0.25,0.5,0.4375,0.5,0.75,0.3333,1,0.1088,-1.723,5.547,2.439,1,2.377,0.07333,0.08333,0.03596,0.05012,0.05012,0.05012,0,0,0,0,0,0,0,0,0,0,25,22,41,43,1.049,0.04251,0.03327,1.278,0.07579,0.008755,7.136,0.1364,120,120,0,21.41,4.672,0.1015,0.203,0.203,0.03044,0.03044,0.1146,0.2708,0.2033,0.02914,0,0,25,22,41,43,1.049,0.04251,0.03327,1.278,0.07579,0.008755,7.136,0.1364
F:\AlphaProject\_PythonML\MidiGAN\gan_results\conv_gan_1.1\title\midi\run4\run4_epoch3500_27.mid,22,12,2,0,26,0,0,1,3,4,93,4.77,97,1,0.12,0.16,0.75,0.6875,1,1,5.354,3.573,3.403,-0.7341,0.6466,-0.1851,6.817,5.049,5.062,0,85,1,78,6,1,1.606,4,1,0.3333,0.6667,0.4141,0.2222,0.3333,0.5455,0.1919,0.0101,0.0303,0,0,0,0,0,3.75,0,0.4805,1.75,3.568,4.092,1,0,0,0,0,1,1,100,2.338,2.338,0.2204,1,2,2,0.28,1,0.72,0,0,0,0.25,0.5,0.43,0.5,0.72,0.3889,1,0.1128,-1.861,5.155,2.222,1,1.964,0.07792,0.08333,0.03423,0.05602,0.05602,0.05602,0,0,0,0,0,0,0,0,0,0,25,18,41,43,1.049,0.04727,0.03273,1.444,0.08,0.008657,6.944,0.1111,120,120,0,21.39,4.676,0.368,0.2033,0.2033,0.03342,0.03342,0.1354,0.3021,0.2019,0.03012,0,0,25,18,41,43,1.049,0.04727,0.03273,1.444,0.08,0.008657,6.944,0.1111
F:\AlphaProject\_PythonML\MidiGAN\gan_results\conv_gan_1.1\title\midi\run4\run4_epoch3500_28.mid,18,12,4,0,21,0,0,1,2,3,95,5.87,94,10,0.14,0.16,0.7143,0.8125,1,7,4.507,3.656,3.462,0.01997,-0.1067,-0.3726,6.572,4.72,4.764,0,82,10,86,2,1,1.697,4,1,0.3333,0.7273,0.5051,0.2424,0.3333,0.4646,0.2525,0.0202,0.0101,0,0,0.0101,0,0,2.125,0,0.4667,1.596,3.553,4.465,1,0,0,0,0,1,1,100,2.425,2.425,1.049,1,2,2,0.34,1,0.66,0,0,0,0.25,0.5,0.415,0.5,0.66,0.5152,1,0.119,-2.142,4.625,1.754,1,1.313,0.07979,0.08333,0.03325,0.04649,0.04649,0.04649,0,0,0,0,0,0,0,0,0,0,24,20,41,43,1.049,0.04553,0.04203,1.083,0.08757,0.009396,5.95,0.15,120,120,0,20.61,4.851,2.278,0.1948,0.1948,0.02982,0.02982,0.125,0.2917,0.1966,0.03033,0,0,24,20,41,43,1.049,0.04553,0.04203,1.083,0.08757,0.009396,5.95,0.15
F:\AlphaProject\_PythonML\MidiGAN\gan_results\conv_gan_1.1\title\midi\run4\run4_epoch3500_29.mid,29,12,2,0,31,0,0,1,2,4,94,5.68,95,11,0.1,0.15,0.9,0.8,3,7,7.385,3.819,3.305,-0.6175,0.5342,0.07262,5.868,4.727,5.121,0,85,1,79,7,1,1.879,4,2,0.3333,0.6364,0.4444,0.1919,0.3333,0.4747,0.2525,0.0404,0.0303,0,0.0101,0,0,0,5.25,0,0.4875,2.051,4.718,4.237,1,0,0,0,0,1,1,100,2.275,2.275,0.148,2,3,2,0.22,0.99,0.78,0,0,0.01,0.25,0.75,0.4475,0.5,0.77,0.2857,1,0.1083,-1.454,6.399,2.703,1,2.856,0.07438,0.08333,0.04041,0.05829,0.05829,0.05829,0.1042,0.1042,0.1042,0.1042,0.1042,0.1042,0,0,0,0,27,27,47,43,1.093,0.03403,0.03214,1.059,0.06616,0.008238,16.96,0.2963,120,120,0,21.98,4.55,0.1914,0.2088,0.2088,0.03383,0.03383,0.1354,0.3125,0.207,0.03101,0,0,27,27,47,43,1.093,0.03403,0.03214,1.059,0.06616,0.008238,16.96,0.2963
F:\AlphaProject\_PythonML\MidiGAN\gan_results\conv_gan_1.1\title\midi\run4\run4_epoch3500_3.mid,19,12,5,0,26,0,0.01,0.99,2,5,86,4.93,87,3,0.15,0.15,0.8667,0.8667,2,2,4.019,2.854,3.49,-0.2613,-0.07358,-0.1461,9.204,5.551,4.916,0,69,9,82,10,1,1.768,4,2,0.3333,0.6364,0.4646,0.202,0.3333,0.4949,0.2525,0.0303,0.0101,0,0,0.0101,0,0,5.25,0,0.5063,1.58,3.46,4.687,1,0,0,0,0,1,1,100,2.407,2.407,1.026,2,3,2,0.27,1,0.73,0,0,0,0.125,0.5,0.4313,0.5,0.73,0.3562,1,0.1143,-1.805,5.515,1.961,1,1.612,0.07792,0.08333,0.03319,0.05015,0.05015,0.05015,0,0,0,0,0,0,0,0,0,0,28,25,43,73,1.698,0.03777,0.03417,1.105,0.07194,0.008827,9.2,0.08,120,120,0,20.77,4.814,2.245,0.1965,0.1965,0.03415,0.03415,0.04167,0.2708,0.1973,0.03346,0.01,0,28,25,43,73,1.698,0.03777,0.03417,1.105,0.07194,0.008827,9.2,0.08
F:\AlphaProject\_PythonML\MidiGAN\gan_results\conv_gan_1.1\title\midi\run4\run4_epoch3500_30.mid,26,12,1,0,29,0,0.08,0.92,4,3,81,5.38,87,3,0.14,0.16,0.5,0.6875,6,6,6.186,3.449,3.175,-0.5722,0.3305,-0.1323,5.958,4.864,4.995,0,86,2,69,9,1,1.768,4,1,0.3333,0.6364,0.4343,0.1818,0.3333,0.5455,0.2323,0.0101,0.0101,0.0101,0,0.0101,0,0,6.667,0,0.4321,1.653,3.531,4.507,1,0,0,0,0,1,1,100,2.421,2.421,1.043,1,2,2,0.36,1,0.64,0,0,0,0.25,0.5,0.41,0.5,0.64,0.5625,1,0.1206,-2.239,4.503,2.222,1,1.77,0.07604,0.08333,0.0357,0.05043,0.05043,0.05043,0,0,0,0,0,0,0,0,0,0,29,27,41,43,1.049,0.04035,0.04035,1,0.0807,0.008514,6.667,0.1852,120,120,0,20.66,4.841,2.269,0.1955,0.1955,0.03412,0.03412,0.1146,0.2604,0.1961,0.03172,0,0,29,27,41,43,1.049,0.04035,0.04035,1,0.0807,0.008514,6.667,0.1852
F:\AlphaProject\_PythonML\MidiGAN\gan_results\conv_gan_1.1\title\midi\run4\run4_epoch3500_31.mid,34,12,1,1,39,0,0.04,0.96,2,2,89,5.07,99,3,0.1,0.22,0.7,0.4091,12,1,8.885,3.144,3.353,-0.6111,1.021,-0.9216,6.063,5.146,4.89,0,85,1,66,6,1,1.949,4,1,0.303,0.7667,0.4141,0.1515,0.303,0.5354,0.2525,0.0202,0.0303,0.0101,0,0,0,0,2.571,0,0.4048,1.909,4.341,4.644,1,0,0,0,0,1,1,100,2.257,2.257,0.1813,1,2,2,0.19,1,0.81,0,0,0,0.25,0.5,0.4525,0.5,0.81,0.2346,1,0.09857,-1.446,6.772,2.857,1,3.04,0.07229,0.08333,0.03644,0.06018,0.06018,0.06018,0.1042,0.1042,0.1042,0.1042,0.1042,0.1042,0,0,0,0,25,16,43,51,1.186,0.0562,0.04457,1.261,0.1008,0.009137,5.688,0.3125,120,120,0,22.16,4.513,0.3562,0.2114,0.2114,0.03352,0.03352,0.1458,0.3021,0.2082,0.03068,0,0,25,16,43,51,1.186,0.0562,0.04457,1.261,0.1008,0.009137,5.688,0.3125
F:\AlphaProject\_PythonML\MidiGAN\gan_results\conv_gan_1.1\title\midi\run4\run4_epoch3500_32.mid,19,12,2,0,18,0,0,1,1,4,92,4.85,88,0,0.1,0.13,0.9,1,8,4,4.975,3.486,3.605,-0.2593,0.7316,0.1248,5.21,5.033,4.904,0,86,2,88,4,1,1.495,4,1,0.2929,0.931,0.4242,0.2424,0.2929,0.5657,0.1818,0,0.0101,0,0,0,0,0,2.6,0,0.4533,1.531,2.98,3.373,1,0,0,0,0,1,1,100,2.417,2.417,1.03,1,2,2,0.34,1,0.66,0,0,0,0.25,0.5,0.415,0.5,0.66,0.5152,1,0.119,-2.142,4.625,2.439,2,2.712,0.07563,0.08333,0.03306,0.04985,0.04985,0.04985,0,0,0,0,0,0,0,0,0,0,23,21,41,49,1.195,0.03697,0.03697,1,0.07394,0.008473,8.714,0.09524,120,120,0,20.69,4.834,2.267,0.1962,0.1962,0.03138,0.03138,0.125,0.2604,0.1966,0.0293,0,0,23,21,41,49,1.195,0.03697,0.03697,1,0.07394,0.008473,8.714,0.09524
F:\AlphaProject\_PythonML\MidiGAN\gan_results\conv_gan_1.1\title\midi\run4\run4_epoch3500_33.mid,32,12,1,0,36,0,0.01,0.99,2,3,91,4.77,98,2,0.12,0.16,0.5833,0.6875,1,1,8.24,3.363,3.454,-0.4041,-0.2052,0.165,5.78,5.141,5.048,0,84,0,75,3,2,2.03,5,1,0.2727,0.8148,0.4545,0.1919,0.2222,0.4949,0.2424,0.0303,0.0101,0.0202,0.0101,0,0,0,1.667,0,0.425,1.633,4.061,4.333,1,0,0,0,0,1,1,100,2.305,2.305,0.1004,1,2,2,0.19,1,0.81,0,0,0,0.25,0.5,0.4525,0.5,0.81,0.2346,1,0.09857,-1.446,6.772,2.703,1,3.748,0.07375,0.08333,0.03831,0.05379,0.05379,0.05379,0,0,0,0,0,0,0,0,0,0,25,25,46,41,1.122,0.03538,0.03166,1.118,0.06704,0.008899,7.88,0.32,120,120,0,21.69,4.611,0.1451,0.2059,0.2059,0.02931,0.02931,0.1354,0.2604,0.2052,0.02815,0,0,25,25,46,41,1.122,0.03538,0.03166,1.118,0.06704,0.008899,7.88,0.32
F:\AlphaProject\_PythonML\MidiGAN\gan_results\conv_gan_1.1\title\midi\run4\run4_epoch3500_34.mid,23,12,3,0,22,0,0.05,0.95,3,3,80,5.67,77,5,0.11,0.18,1,0.8889,5,1,5.554,2.85,3.419,0.3619,0.7053,-0.1667,5.286,5.533,5.154,0,79,7,77,5,1,2.061,4,1,0.2929,0.7931,0.3838,0.1919,0.2929,0.5253,0.1717,0.0404,0.0101,0.0202,0.0404,0,0,0,2.4,0,0.4625,1.739,4.261,4.303,1,0,0,0,0,1,1,100,2.338,2.338,0.1739,3,4,2,0.25,0.99,0.75,0,0,0.01,0.125,0.75,0.4387,0.5,0.74,0.3243,1,0.1158,-1.587,6.11,2.083,1,1.998,0.07021,0.08333,0.03811,0.05553,0.05553,0.05553,0,0,0,0,0,0,0,0,0,0,25,21,43,47,1.093,0.03663,0.0348,1.053,0.07143,0.008695,8.905,0.1429,120,120,0,21.39,4.676,0.3087,0.203,0.203,0.03742,0.03742,0.0625,0.3125,0.202,0.03556,0.01,0,25,21,43,47,1.093,0.03663,0.0348,1.053,0.07143,0.008695,8.905,0.1429
F:\AlphaProject\_PythonML\MidiGAN\gan_results\conv_gan_1.1\title\midi\run4\run4_epoch3500_35.mid,19,12,3,0,19,0,0,1,2,3,85,5.31,85,1,0.18,0.18,0.5,0.7222,3,9,4.061,3.73,3.166,0.7018,0.2493,-0.8623,6.121,4.734,5.27,0,78,6,76,4,0,1.737,4,1,0.2626,0.8462,0.5354,0.2626,0.2222,0.4444,0.2626,0.0101,0,0.0101,0.0101,0,0,0,2.714,0,0.4521,1.587,3.717,4.061,1,0,0,0,0,1,1,100,2.36,2.36,0.1238,2,3,2,0.26,1,0.74,0,0,0,0.125,0.5,0.4338,0.5,0.74,0.3378,1,0.113,-1.759,5.661,2.083,1,2.268,0.075,0.08333,0.03415,0.05605,0.05605,0.05605,0,0,0,0,0,0,0,0,0,0,26,16,43,41,1.049,0.0471,0.04529,1.04,0.09239,0.009434,7.938,0.25,120,120,0,21.19,4.72,0.1849,0.2007,0.2007,0.03252,0.03252,0.0625,0.2708,0.2,0.03186,0.01,0,26,16,43,41,1.049,0.0471,0.04529,1.04,0.09239,0.009434,7.938,0.25
F:\AlphaProject\_PythonML\MidiGAN\gan_results\conv_gan_1.1\title\midi\run4\run4_epoch3500_36.mid,16,12,3,0,16,0,0,1,3,3,93,4.87,97,1,0.15,0.15,0.6,0.7333,7,1,3.922,3.389,3.404,0.05355,-0.1151,-0.4143,5.183,5.03,5.055,0,86,2,95,11,2,2.071,4,1,0.2222,0.9545,0.5051,0.202,0.2121,0.4343,0.2828,0.05051,0.0101,0.0101,0,0.0101,0,0,2.5,0,0.5316,1.646,4.208,5.054,1,0,0,0,0,1,1,100,2.332,2.332,0.06871,1,2,2,0.28,1,0.72,0,0,0,0.25,0.5,0.43,0.5,0.72,0.3889,1,0.1128,-1.861,5.155,2.041,1,1.541,0.07292,0.08333,0.03223,0.05539,0.05539,0.05539,0.1042,0.1042,0.1042,0.1042,0.1042,0.1042,0,0,0,0,26,17,41,46,1.122,0.04927,0.03467,1.421,0.08394,0.00904,6.353,0.1176,120,120,0,21.44,4.665,0.02587,0.2037,0.2037,0.03541,0.03541,0.1146,0.2917,0.2025,0.03335,0,0,26,17,41,46,1.122,0.04927,0.03467,1.421,0.08394,0.00904,6.353,0.1176
F:\AlphaProject\_PythonML\MidiGAN\gan_results\conv_gan_1.1\title\midi\run4\run4_epoch3500_37.mid,22,12,4,1,25,0,0.04,0.96,2,5,81,4.12,75,4,0.13,0.2,0.8462,0.8,1,1,6.518,2.479,3.226,0.5891,0.1452,-0.186,4.685,6.655,5.178,0,75,3,77,5,0,1.778,4,1,0.2626,1,0.5051,0.2626,0.2626,0.4444,0.2323,0.0303,0,0.0101,0.0202,0,0,0,2.833,0.01,0.4384,1.825,4.25,4.261,1,0,0,0,0,1,1,100,2.396,2.396,1.026,2,3,2,0.3,1,0.7,0,0,0,0.125,0.5,0.4238,0.5,0.7,0.4143,1,0.1177,-1.943,5.148,1.887,1,1.54,0.07646,0.08333,0.03504,0.05192,0.05192,0.05192,0,0,0,0,0,0,0,0,0,0,29,29,41,43,1.049,0.03448,0.03267,1.056,0.06715,0.008776,6.655,0.1379,120,120,0,20.86,4.793,2.22,0.1974,0.1974,0.03551,0.03551,0.01042,0.2708,0.1978,0.03561,0.01,0,29,29,41,43,1.049,0.03448,0.03267,1.056,0.06715,0.008776,6.655,0.1379
F:\AlphaProject\_PythonML\MidiGAN\gan_results\conv_gan_1.1\title\midi\run4\run4_epoch3500_38.mid,28,12,1,0,33,0,0.03,0.97,1,5,85,6.22,82,8,0.09,0.15,0.8889,0.8667,2,2,6.929,3.561,3.547,0.7188,-0.6572,-0.3214,5.781,5.12,4.918,0,85,1,74,2,1,2.051,5,1,0.2424,0.9167,0.4646,0.1818,0.2424,0.4646,0.2828,0.0404,0.0202,0,0.0101,0,0,0,1.8,0,0.4321,1.761,4.37,4.547,1,0,0,0,0,1,1,100,2.275,2.275,0.236,2,3,2,0.22,0.99,0.78,0,0,0.01,0.25,0.75,0.4475,0.5,0.77,0.2857,1,0.1083,-1.454,6.399,2.326,1,2.909,0.07396,0.08333,0.0342,0.05735,0.05735,0.05735,0,0,0,0,0,0,0,0,0,0,27,22,41,47,1.146,0.0412,0.03558,1.158,0.07678,0.008606,8.5,0.09091,120,120,0,21.98,4.55,0.3964,0.2093,0.2093,0.03547,0.03547,0.1458,0.3125,0.2072,0.03045,0,0,27,22,41,47,1.146,0.0412,0.03558,1.158,0.07678,0.008606,8.5,0.09091
F:\AlphaProject\_PythonML\MidiGAN\gan_results\conv_gan_1.1\title\midi\run4\run4_epoch3500_39.mid,39,12,2,0,49,0.12,0.5,0.38,2,3,67,6.49,56,10,0.1,0.17,1,0.9412,2,2,13.67,3.317,3.481,1.495,-1.366,-1.457,4.953,5.208,4.969,0,85,1,52,4,1,1.828,4,1,0.2929,0.8621,0.4444,0.1818,0.2929,0.5455,0.2424,0,0.0101,0.0101,0,0.0101,0,0,2.429,0,0.3457,1.8,4,3.424,1,0,0,0,0,1,1,100,2.303,2.303,0.1068,1,2,2,0.27,1,0.73,0,0,0,0.25,0.5,0.4325,0.5,0.73,0.3699,1,0.1115,-1.815,5.274,2.564,2,2.479,0.07042,0.08333,0.0397,0.05086,0.05086,0.05086,0,0,0,0,0,0,0,0,0,0,24,24,41,73,1.78,0.03545,0.03545,1,0.0709,0.008728,4.042,0.08333,120,120,0,21.71,4.607,0.1527,0.2062,0.2062,0.03247,0.03247,0.1458,0.2708,0.206,0.03007,0,0,24,24,41,73,1.78,0.03545,0.03545,1,0.0709,0.008728,4.042,0.08333
F:\AlphaProject\_PythonML\MidiGAN\gan_results\conv_gan_1.1\title\midi\run4\run4_epoch3500_4.mid,28,12,2,0,33,0,0.74,0.26,2,4,69,5.2,65,5,0.14,0.19,0.7857,0.6316,1,3,7.491,2.741,3.535,0.9611,0.2189,-0.7128,7.289,5.433,4.926,0,85,1,60,0,1,1.808,4,1,0.3535,0.5143,0.4141,0.1818,0.3535,0.5152,0.2323,0.06061,0.0101,0,0,0,0,0,2.286,0,0.4074,1.8,3.867,4.358,1,0,0,0,0,1,1,100,2.428,2.428,1.049,1,2,2,0.38,1,0.62,0,0,0,0.25,0.5,0.405,0.5,0.62,0.6129,1,0.122,-2.337,4.402,1.887,1,1.565,0.07896,0.08333,0.03457,0.05159,0.05159,0.05159,0,0,0,0,0,0,0,0,0,0,30,26,43,51,1.186,0.03691,0.03339,1.105,0.0703,0.008264,7,0.1538,120,120,0,20.59,4.856,2.282,0.1953,0.1953,0.03062,0.03062,0.1354,0.2708,0.1953,0.02872,0,0,30,26,43,51,1.186,0.03691,0.03339,1.105,0.0703,0.008264,7,0.1538
F:\AlphaProject\_PythonML\MidiGAN\gan_results\conv_gan_1.1\title\midi\run4\run4_epoch3500_40.mid,22,12,3,0,26,0,0,1,2,4,89,4.43,90,0,0.1,0.16,0.9,0.75,6,1,5.196,3.52,3.611,0.2944,0.3665,-0.6564,5.671,5.041,4.89,0,75,3,93,9,1,1.616,4,1,0.3636,0.6667,0.4646,0.2424,0.3636,0.4949,0.2222,0.0101,0.0202,0,0.0101,0,0,0,2.143,0.01,0.52,1.5,3.14,3.716,1,0,0,0,0,1,1,100,2.537,2.537,0.1908,2,3,2,0.39,1,0.61,0,0,0,0.125,0.5,0.4012,0.5,0.61,0.623,1,0.1247,-2.375,4.49,1.695,1,1.277,0.08438,0.08333,0.03181,0.04598,0.04598,0.04598,0,0,0,0,0,0,0,0,0,0,31,26,41,47,1.146,0.03679,0.03344,1.1,0.07023,0.008414,6.846,0.2308,120,120,0,19.71,5.074,0.2877,0.1866,0.1866,0.03413,0.03413,0.02083,0.2812,0.188,0.03282,0.01,0,31,26,41,47,1.146,0.03679,0.03344,1.1,0.07023,0.008414,6.846,0.2308
F:\AlphaProject\_PythonML\MidiGAN\gan_results\conv_gan_1.1\title\midi\run4\run4_epoch3500_41.mid,45,12,0,0,50,0.32,0.31,0.37,4,3,66,5.84,83,11,0.05,0.13,1,0.7692,7,11,15.92,3.634,3.58,0.4146,-0.1321,0.3017,4.797,4.936,4.958,0,72,0,41,5,1,1.949,4,1,0.3232,0.6875,0.3838,0.1818,0.3232,0.5455,0.1919,0.0404,0.0101,0,0.0202,0.0101,0,0,2.167,0.01,0.3704,1.8,4.178,2.84,1,0,0,0,0,1,1,100,2.333,2.333,0.1818,3,4,2,0.26,0.99,0.74,0,0,0.01,0.125,0.75,0.4363,0.5,0.73,0.3425,1,0.1172,-1.632,5.961,2.564,2,2.683,0.07708,0.08333,0.0351,0.05591,0.05591,0.05591,0,0,0,0,0,0,0,0,0,0,26,24,43,46,1.07,0.03867,0.03867,1,0.07735,0.008404,16.08,0.25,120,120,0,21.43,4.667,0.4132,0.2041,0.2041,0.03926,0.03926,0.01042,0.3125,0.2023,0.03781,0.01,0,26,24,43,46,1.07,0.03867,0.03867,1,0.07735,0.008404,16.08,0.25
F:\AlphaProject\_PythonML\MidiGAN\gan_results\conv_gan_1.1\title\midi\run4\run4_epoch3500_42.mid,23,12,3,0,24,0,0,1,2,4,86,6.72,83,10,0.12,0.14,0.75,0.9286,1,1,5.291,3.315,3.42,-0.2041,-0.2534,-0.2105,5.284,5.508,5.048,0,85,1,80,8,1,1.929,5,1,0.2626,0.8462,0.4949,0.2222,0.2626,0.4444,0.2626,0.0404,0.0101,0.0101,0.0101,0,0,0,1.6,0,0.4805,1.833,4.476,4.576,1,0,0,0,0,1,1,100,2.343,2.343,0.2994,1,2,2,0.28,1,0.72,0,0,0,0.25,0.5,0.43,0.5,0.72,0.3889,1,0.1128,-1.861,5.155,2.222,1,1.77,0.07792,0.08333,0.03292,0.06198,0.06198,0.06198,0.1042,0.1042,0.1042,0.1042,0.1042,0.1042,0,0,0,0,27,23,41,47,1.146,0.04029,0.03663,1.1,0.07692,0.00882,8.13,0.1304,120,120,0,21.34,4.685,0.5672,0.2032,0.2032,0.03087,0.03087,0.1354,0.2708,0.2002,0.02873,0,0,27,23,41,47,1.146,0.04029,0.03663,1.1,0.07692,0.00882,8.13,0.1304
F:\AlphaProject\_PythonML\MidiGAN\gan_results\conv_gan_1.1\title\midi\run4\run4_epoch3500_43.mid,23,12,2,0,23,0,0,1,2,4,93,5,95,11,0.13,0.16,0.6923,0.9375,2,8,5.346,3.725,3.086,-1.077,0.8053,0.4666,5.273,4.996,5.27,0,83,11,85,1,1,1.98,4,2,0.2929,0.8621,0.5051,0.1717,0.2929,0.4343,0.3333,0.0404,0.0202,0,0,0,0,0,3.125,0,0.4512,1.708,4.021,4.523,1,0,0,0,0,1,1,100,2.398,2.398,1.032,1,2,2,0.27,1,0.73,0,0,0,0.25,0.5,0.4325,0.5,0.73,0.3699,1,0.1115,-1.815,5.274,2,1,1.539,0.07854,0.08333,0.03613,0.04845,0.04845,0.04845,0,0,0,0,0,0,0,0,0,0,26,21,49,41,1.195,0.04496,0.03597,1.25,0.08094,0.008916,8.333,0.381,120,120,0,20.85,4.795,2.225,0.1983,0.1983,0.02953,0.02953,0.1354,0.2604,0.1984,0.02834,0,0,26,21,49,41,1.195,0.04496,0.03597,1.25,0.08094,0.008916,8.333,0.381
F:\AlphaProject\_PythonML\MidiGAN\gan_results\conv_gan_1.1\title\midi\run4\run4_epoch3500_44.mid,45,12,0,0,52,0.23,0.38,0.39,2,1,68,5.63,66,1,0.06,0.11,0.8333,1,17,5,15.34,3.389,3.292,-0.07234,-0.3275,-0.5012,5.024,5.018,5.104,0,84,0,43,7,1,1.788,4,1,0.2929,1,0.3939,0.1515,0.2929,0.5859,0.2424,0.0101,0,0,0.0101,0,0,0,5,0,0.369,1.826,3.783,3.25,1,0,0,0,0,1,1,100,2.314,2.314,0.06644,1,2,2,0.24,1,0.76,0,0,0,0.25,0.5,0.44,0.5,0.76,0.3158,1,0.1073,-1.677,5.704,3.03,2,3.893,0.07729,0.08333,0.03853,0.05256,0.05256,0.05256,0,0,0,0,0,0,0,0,0,0,26,26,43,41,1.049,0.03558,0.03184,1.118,0.06742,0.008585,8.885,0.2308,120,120,0,21.6,4.629,0.1623,0.205,0.205,0.02743,0.02743,0.1562,0.2812,0.2047,0.02695,0,0,26,26,43,41,1.049,0.03558,0.03184,1.118,0.06742,0.008585,8.885,0.2308
F:\AlphaProject\_PythonML\MidiGAN\gan_results\conv_gan_1.1\title\midi\run4\run4_epoch3500_45.mid,23,12,1,0,27,0,0.05,0.95,2,3,83,5.85,94,10,0.13,0.18,0.6154,0.6111,18,3,7.586,3.337,3.745,0.4469,-0.1348,-0.1682,4.807,5.008,4.714,0,84,0,75,3,1,1.869,4,1,0.2727,0.7778,0.4545,0.2121,0.2727,0.4646,0.2424,0.07071,0.0101,0,0,0,0,0,2.429,0,0.4744,1.625,3.792,4.873,1,0,0,0,0,1,1,100,2.317,2.317,0.246,1,2,2,0.23,1,0.77,0,0,0,0.25,0.5,0.4425,0.5,0.77,0.2987,1,0.1057,-1.631,5.877,2.5,1,2.46,0.07375,0.08333,0.03546,0.05212,0.05212,0.05212,0,0,0,0,0,0,0,0,0,0,27,11,41,46,1.122,0.05351,0.0369,1.45,0.09041,0.008736,11.64,0.1818,120,120,0,21.58,4.633,0.5467,0.2058,0.2058,0.03371,0.03371,0.1354,0.2917,0.2046,0.03076,0,0,27,11,41,46,1.122,0.05351,0.0369,1.45,0.09041,0.008736,11.64,0.1818
F:\AlphaProject\_PythonML\MidiGAN\gan_results\conv_gan_1.1\title\midi\run4\run4_epoch3500_46.mid,29,12,1,0,30,0,0.02,0.98,4,2,85,5.6,80,8,0.09,0.13,0.8889,0.8462,2,7,7.942,3.607,3.423,0.9066,-0.3327,-0.9115,5.063,4.824,5.049,0,85,1,74,2,1,1.667,4,1,0.3131,0.7097,0.4545,0.2222,0.3131,0.5051,0.2323,0.0303,0,0,0.0101,0,0,0,4.75,0,0.4156,1.878,4,3.969,1,0,0,0,0,1,1,100,2.315,2.315,0.09243,1,2,2,0.22,1,0.78,0,0,0,0.25,0.5,0.445,0.5,0.78,0.2821,1,0.1041,-1.585,6.067,2.857,2,3.145,0.07583,0.08333,0.03169,0.05355,0.05355,0.05355,0,0,0,0,0,0,0,0,0,0,25,18,41,47,1.146,0.04664,0.03918,1.19,0.08582,0.00922,11.72,0.1111,120,120,0,21.59,4.631,0.4294,0.2051,0.2051,0.02602,0.02602,0.1458,0.2604,0.2044,0.02555,0,0,25,18,41,47,1.146,0.04664,0.03918,1.19,0.08582,0.00922,11.72,0.1111
F:\AlphaProject\_PythonML\MidiGAN\gan_results\conv_gan_1.1\title\midi\run4\run4_epoch3500_47.mid,38,12,0,0,47,0.04,0.47,0.49,3,3,72,5.45,72,11,0.07,0.15,0.8571,0.8,7,11,11.31,3.812,3.538,0.1724,0.3541,0.5342,5.377,4.839,5.044,0,85,1,50,2,1,2.03,5,1,0.3232,0.6875,0.404,0.1313,0.3232,0.5455,0.2626,0.0202,0.0202,0.0101,0.0101,0,0,0,1.889,0,0.3721,1.654,3.827,3.845,1,0,0,0,0,1,1,100,2.3,2.3,0.08167,1,2,2,0.24,1,0.76,0,0,0,0.25,0.5,0.44,0.5,0.76,0.3158,1,0.1073,-1.677,5.704,2.632,2,2.376,0.07312,0.08333,0.03775,0.05175,0.05175,0.05175,0,0,0,0,0,0,0,0,0,0,24,24,134,40,3.35,0.03774,0.03208,1.176,0.06981,0.008722,11.83,0.2083,120,120,0,21.74,4.6,0.1703,0.2073,0.2073,0.03165,0.03165,0.1458,0.2917,0.2061,0.02947,0,0,24,24,134,40,3.35,0.03774,0.03208,1.176,0.06981,0.008722,11.83,0.2083
F:\AlphaProject\_PythonML\MidiGAN\gan_results\conv_gan_1.1\title\midi\run4\run4_epoch3500_48.mid,33,12,3,0,41,0.01,0.28,0.71,2,3,79,4.38,87,2,0.11,0.17,0.9091,0.9412,1,3,11.29,3.206,3.862,-1.26,0.3556,0.2641,5.306,5.509,4.762,0,86,2,59,11,1,2.091,4,1,0.303,0.7,0.4141,0.1616,0.303,0.5152,0.2323,0.0404,0.0202,0.0101,0.0101,0.0101,0,0,1.875,0,0.4337,1.566,3.887,4.538,1,0,0,0,0,1,1,100,2.343,2.343,0.1771,1,2,2,0.3,1,0.7,0,0,0,0.25,0.5,0.425,0.5,0.7,0.4286,1,0.1151,-1.954,4.946,2.703,2,4.307,0.07312,0.08333,0.03798,0.05368,0.05368,0.05368,0,0,0,0,0,0,0,0,0,0,25,23,41,44,1.073,0.04007,0.03097,1.294,0.07104,0.00841,8.391,0.1304,120,120,0,21.34,4.685,0.3451,0.2023,0.2023,0.03525,0.03525,0.125,0.2812,0.202,0.03264,0,0,25,23,41,44,1.073,0.04007,0.03097,1.294,0.07104,0.00841,8.391,0.1304
F:\AlphaProject\_PythonML\MidiGAN\gan_results\conv_gan_1.1\title\midi\run4\run4_epoch3500_49.mid,18,12,6,0,22,0,0,1,2,4,95,5.71,95,2,0.14,0.14,1,1,3,9,3.43,3.935,3.204,0.411,-0.9836,0.1592,7.287,4.597,5.012,0,84,0,104,8,1,1.737,4,1,0.3434,0.6765,0.3737,0.2323,0.3434,0.5354,0.1313,0.05051,0.0303,0.0101,0.0101,0,0,0,5.5,0,0.5526,1.81,3.929,4.838,1,0,0,0,0,1,1,100,2.445,2.445,1.079,1,2,2,0.37,1,0.63,0,0,0,0.25,0.5,0.4075,0.5,0.63,0.5873,1,0.1213,-2.288,4.45,2.222,2,2.066,0.08,0.08333,0.03267,0.04636,0.04636,0.04636,0.1042,0.1042,0.1042,0.1042,0.1042,0.1042,0,0,0,0,26,17,49,42,1.167,0.0431,0.04138,1.042,0.08448,0.008834,8.176,0.4118,120,120,0,20.45,4.89,2.331,0.1936,0.1936,0.03185,0.03185,0.1146,0.2812,0.195,0.02965,0,0,26,17,49,42,1.167,0.0431,0.04138,1.042,0.08448,0.008834,8.176,0.4118
F:\AlphaProject\_PythonML\MidiGAN\gan_results\conv_gan_1.1\title\midi\run4\run4_epoch3500_5.mid,12,12,4,1,11,0,0,1,2,3,91,6.26,90,6,0.2,0.2,0.85,0.85,4,4,3.023,3.07,3.233,0.3375,0.254,0.4639,5.269,5.254,5.104,0,86,2,97,1,0,1.747,4,1,0.2727,0.963,0.5253,0.2727,0.2626,0.4343,0.2424,0.0101,0.0101,0.0101,0.0202,0,0,0,2.429,0,0.5139,1.565,3.587,3.92,1,0,0,0,0,1,1,100,2.439,2.439,1.059,1,2,2,0.3,1,0.7,0,0,0,0.25,0.5,0.425,0.5,0.7,0.4286,1,0.1151,-1.954,4.946,1.961,1,1.455,0.08208,0.08333,0.03255,0.04776,0.04776,0.04776,0,0,0,0,0,0,0,0,0,0,26,18,43,51,1.186,0.0493,0.04049,1.217,0.08979,0.009289,3.889,0.2222,120,120,0,20.5,4.878,2.265,0.1941,0.1941,0.02794,0.02794,0.1146,0.2396,0.1952,0.02639,0,0,26,18,43,51,1.186,0.0493,0.04049,1.217,0.08979,0.009289,3.889,0.2222
F:\AlphaProject\_PythonML\MidiGAN\gan_results\conv_gan_1.1\title\midi\run4\run4_epoch3500_50.mid,19,12,2,0,20,0,0,1,3,4,85,5.38,87,8,0.12,0.14,0.8333,0.9286,1,1,4.863,2.919,3.506,-0.7526,0.3905,-0.4278,5.256,5.107,4.826,0,86,2,78,6,1,1.636,4,1,0.3737,0.5676,0.404,0.2121,0.3737,0.5657,0.1818,0.0202,0.0101,0.0101,0,0,0,0,0.8,0,0.4615,1.696,3.5,4.271,1,0,0,0,0,1,1,100,2.366,2.366,0.1602,1,2,2,0.26,1,0.74,0,0,0,0.25,0.5,0.435,0.5,0.74,0.3514,1,0.1102,-1.769,5.405,2.564,1,3.033,0.07521,0.08333,0.03452,0.05126,0.05126,0.05126,0,0,0,0,0,0,0,0,0,0,26,20,44,47,1.068,0.04,0.03818,1.048,0.07818,0.008587,6.9,0.35,120,120,0,21.14,4.731,0.3441,0.201,0.201,0.03182,0.03182,0.125,0.2708,0.2005,0.02974,0,0,26,20,44,47,1.068,0.04,0.03818,1.048,0.07818,0.008587,6.9,0.35
F:\AlphaProject\_PythonML\MidiGAN\gan_results\conv_gan_1.1\title\midi\run4\run4_epoch3500_51.mid,21,12,1,0,27,0,0.03,0.97,5,3,83,5.67,84,3,0.09,0.11,0.8889,1,5,4,5.267,3.548,3.676,-0.188,-0.279,-0.3183,6.469,4.93,4.813,0,85,1,71,11,2,1.939,5,1,0.2626,0.9231,0.4444,0.2222,0.2424,0.5051,0.202,0.0404,0,0.0101,0.0101,0,0.0101,0,1.222,0,0.4416,1.711,4.244,5.103,1,0,0,0,0,1,1,100,2.412,2.412,1.041,2,3,2,0.32,0.99,0.68,0,0,0.01,0.25,0.75,0.4225,0.5,0.67,0.4776,1,0.1215,-1.913,5.173,2.439,1,2.599,0.08042,0.08333,0.0323,0.05025,0.05025,0.05025,0,0,0,0,0,0,0,0,0,0,27,22,43,41,1.049,0.04028,0.03853,1.045,0.07881,0.008735,3.682,0.1818,120,120,0,20.73,4.824,2.234,0.1958,0.1958,0.03496,0.03496,0.1146,0.3438,0.1969,0.03388,0,0,27,22,43,41,1.049,0.04028,0.03853,1.045,0.07881,0.008735,3.682,0.1818
F:\AlphaProject\_PythonML\MidiGAN\gan_results\conv_gan_1.1\title\midi\run4\run4_epoch3500_52.mid,30,12,3,0,36,0,0.13,0.87,2,4,80,5.09,85,1,0.11,0.14,0.8182,0.7857,2,2,7.254,3.734,3.41,-0.9057,0.07231,-0.4311,7.037,4.802,5.002,0,85,1,60,0,1,2.03,5,2,0.2828,0.8571,0.4747,0.1313,0.2828,0.4949,0.3333,0.0202,0.0101,0.0101,0,0,0,0,2.667,0,0.4419,1.536,3.554,4.415,1,0,0,0,0,1,1,100,2.392,2.392,1.035,2,3,2,0.36,0.99,0.64,0,0,0.01,0.25,0.75,0.4125,0.5,0.63,0.5714,1,0.125,-2.1,4.929,2.439,2,2.025,0.075,0.08333,0.0335,0.05431,0.05431,0.05431,0,0,0,0,0,0,0,0,0,0,33,15,41,47,1.146,0.05115,0.04056,1.261,0.09171,0.008513,10.27,0.1333,120,120,0,20.91,4.783,2.251,0.1985,0.1985,0.03489,0.03489,0.1354,0.3333,0.1977,0.0323,0,0,33,15,41,47,1.146,0.05115,0.04056,1.261,0.09171,0.008513,10.27,0.1333
F:\AlphaProject\_PythonML\MidiGAN\gan_results\conv_gan_1.1\title\midi\run4\run4_epoch3500_53.mid,19,12,4,0,18,0,0,1,4,4,92,5.68,87,3,0.11,0.13,1,0.8462,7,1,4.204,3.478,3.197,0.2283,-0.276,-0.1877,5.536,4.925,5.14,0,85,1,93,9,1,1.697,4,1,0.2828,0.9286,0.4242,0.2323,0.2828,0.5455,0.1717,0.0202,0.0101,0.0101,0,0.0101,0,0,3.25,0,0.5,1.689,3.711,4.735,1,0,0,0,0,1,1,100,2.36,2.36,0.161,1,2,2,0.28,1,0.72,0,0,0,0.25,0.5,0.43,0.5,0.72,0.3889,1,0.1128,-1.861,5.155,2.222,2,1.999,0.07562,0.08333,0.03253,0.05064,0.05064,0.05064,0,0,0,0,0,0,0,0,0,0,25,17,43,51,1.186,0.04372,0.04189,1.043,0.08561,0.009017,5.176,0.1176,120,120,0,21.19,4.72,0.2329,0.2009,0.2009,0.03178,0.03178,0.1458,0.2917,0.2011,0.0296,0,0,25,17,43,51,1.186,0.04372,0.04189,1.043,0.08561,0.009017,5.176,0.1176
F:\AlphaProject\_PythonML\MidiGAN\gan_results\conv_gan_1.1\title\midi\run4\run4_epoch3500_54.mid,18,12,5,0,18,0,0,1,3,3,95,5.19,99,3,0.13,0.14,0.8462,0.8571,4,2,3.696,3.595,3.181,-0.1704,0.9931,-0.2546,5.948,4.918,5.209,0,85,1,99,3,1,1.859,4,1,0.3333,0.6061,0.4242,0.202,0.3333,0.5051,0.2121,0.0303,0.0202,0.0101,0.0202,0,0,0,6,0,0.519,1.58,3.5,3.897,1,0,0,0,0,1,1,100,2.46,2.46,1.059,1,2,2,0.36,1,0.64,0,0,0,0.25,0.5,0.41,0.5,0.64,0.5625,1,0.1206,-2.239,4.503,2.041,1,1.554,0.07833,0.08333,0.03245,0.04972,0.04972,0.04972,0.1042,0.1042,0.1042,0.1042,0.1042,0.1042,0,0,0,0,29,25,42,49,1.167,0.03652,0.03478,1.05,0.0713,0.00841,11.84,0.12,120,120,0,20.32,4.921,2.297,0.1923,0.1923,0.03098,0.03098,0.125,0.2708,0.1931,0.03065,0,0,29,25,42,49,1.167,0.03652,0.03478,1.05,0.0713,0.00841,11.84,0.12
F:\AlphaProject\_PythonML\MidiGAN\gan_results\conv_gan_1.1\title\midi\run4\run4_epoch3500_55.mid,37,12,0,0,40,0.16,0.33,0.51,2,4,69,5.06,48,0,0.07,0.15,0.8571,0.7333,31,1,11.98,3.768,3.462,-0.8467,0.04777,-0.156,5.243,4.692,4.849,0,69,9,48,0,1,2.071,5,1,0.2727,0.7778,0.4646,0.1515,0.2727,0.4848,0.303,0.0404,0.0101,0,0,0.0101,0,0,2.333,0.01,0.369,1.647,3.961,4.373,1,0,0,0,0,1,1,100,2.345,2.345,0.1569,3,4,2,0.28,0.99,0.72,0,0,0.01,0.125,0.75,0.4313,0.5,0.71,0.3803,1,0.1197,-1.723,5.701,2.128,1,1.813,0.07458,0.08333,0.03379,0.05227,0.05227,0.05227,0,0,0,0,0,0,0,0,0,0,26,26,43,51,1.186,0.03538,0.03352,1.056,0.0689,0.008734,9.615,0.1154,120,120,0,21.32,4.69,0.3265,0.2019,0.2019,0.0386,0.0386,0.02083,0.3229,0.2021,0.03754,0.01,0,26,26,43,51,1.186,0.03538,0.03352,1.056,0.0689,0.008734,9.615,0.1154
F:\AlphaProject\_PythonML\MidiGAN\gan_results\conv_gan_1.1\title\midi\run4\run4_epoch3500_56.mid,35,12,0,0,43,0,0.32,0.68,1,4,79,5.28,82,2,0.08,0.16,0.75,0.75,4,2,11.55,3.349,3.279,-0.6338,0.2508,-0.1098,5.02,5.015,4.987,0,85,1,61,1,1,1.919,5,1,0.2525,0.84,0.4949,0.2121,0.2525,0.4646,0.2727,0.0303,0,0.0101,0.0101,0,0,0,1.25,0,0.3846,1.733,4.178,3.259,1,0,0,0,0,1,1,100,2.267,2.267,0.1701,1,2,2,0.23,1,0.77,0,0,0,0.25,0.5,0.4425,0.5,0.77,0.2987,1,0.1057,-1.631,5.877,2.439,1,2.062,0.06938,0.08333,0.0394,0.05574,0.05574,0.05574,0,0,0,0,0,0,0,0,0,0,26,26,44,41,1.073,0.03416,0.03036,1.125,0.06452,0.008693,5.5,0.3077,120,120,0,22.05,4.535,0.2358,0.2096,0.2096,0.03115,0.03115,0.1354,0.2708,0.2082,0.02944,0,0,26,26,44,41,1.073,0.03416,0.03036,1.125,0.06452,0.008693,5.5,0.3077
F:\AlphaProject\_PythonML\MidiGAN\gan_results\conv_gan_1.1\title\midi\run4\run4_epoch3500_57.mid,29,12,3,0,35,0,0.03,0.97,2,4,90,6.34,92,8,0.09,0.13,1,0.9231,2,2,7.505,3.473,3.274,-1.015,-0.57,0.09164,6.396,4.971,5.06,0,85,1,70,10,0,1.525,4,2,0.3131,0.7742,0.5253,0.3131,0.2222,0.4646,0.202,0.0101,0,0,0,0.0101,0,0,2.333,0,0.4118,1.744,3.821,3.484,1,0,0,0,0,1,1,100,2.4,2.4,1.041,1,2,2,0.33,1,0.67,0,0,0,0.25,0.5,0.4175,0.5,0.67,0.4925,1,0.1181,-2.095,4.695,2.222,2,1.976,0.07812,0.08333,0.03289,0.0485,0.0485,0.0485,0.1042,0.1042,0.1042,0.1042,0.1042,0.1042,0,0,0,0,23,22,73,49,1.49,0.03534,0.03357,1.053,0.0689,0.00848,7.955,0.1818,120,120,0,20.83,4.8,2.234,0.197,0.197,0.02859,0.02859,0.1458,0.2917,0.1982,0.02944,0,0,23,22,73,49,1.49,0.03534,0.03357,1.053,0.0689,0.00848,7.955,0.1818
F:\AlphaProject\_PythonML\MidiGAN\gan_results\conv_gan_1.1\title\midi\run4\run4_epoch3500_58.mid,27,12,2,0,30,0,0.03,0.97,4,2,85,5.4,84,0,0.11,0.15,0.8182,0.8,4,4,6.401,3.771,3.452,-0.2062,0.3182,0.6952,6.594,4.811,5.076,0,82,10,67,7,1,1.848,4,1,0.3535,0.5429,0.404,0.1717,0.3535,0.5455,0.2121,0.0404,0.0101,0.0202,0,0,0,0,2,0,0.4146,1.577,3.5,4.098,1,0,0,0,0,1,1,100,2.388,2.388,1.024,1,2,2,0.28,1,0.72,0,0,0,0.25,0.5,0.43,0.5,0.72,0.3889,1,0.1128,-1.861,5.155,2.041,1,2.217,0.08167,0.08333,0.03239,0.05572,0.05572,0.05572,0.125,0.125,0.125,0.125,0.125,0.125,0,0,0,0,27,20,42,49,1.167,0.04659,0.03763,1.238,0.08423,0.009193,6.8,0.15,120,120,0,20.94,4.776,2.225,0.199,0.199,0.02952,0.02952,0.125,0.2708,0.1977,0.02714,0,0,27,20,42,49,1.167,0.04659,0.03763,1.238,0.08423,0.009193,6.8,0.15
F:\AlphaProject\_PythonML\MidiGAN\gan_results\conv_gan_1.1\title\midi\run4\run4_epoch3500_59.mid,33,12,0,0,34,0,0.21,0.79,2,4,80,6.13,81,4,0.08,0.12,0.875,0.9167,5,1,8.346,3.041,3.511,0.4637,0.1283,0.6066,5.226,5.253,4.846,0,86,2,70,10,1,1.818,4,1,0.2525,0.96,0.5152,0.2424,0.2525,0.4545,0.2626,0,0.0202,0,0.0101,0.0101,0,0,2.714,0,0.4267,1.923,4.59,4.781,1,0,0,0,0,1,1,100,2.381,2.381,1.027,1,2,2,0.31,1,0.69,0,0,0,0.25,0.5,0.4225,0.5,0.69,0.4493,1,0.1162,-2.001,4.855,2.128,1,1.872,0.07604,0.08333,0.03355,0.05208,0.05208,0.05208,0,0,0,0,0,0,0,0,0,0,26,26,43,50,1.163,0.03249,0.03069,1.059,0.06318,0.008863,7.962,0.1923,120,120,0,21,4.762,0.08858,0.199,0.199,0.03008,0.03008,0.1354,0.2604,0.1991,0.02882,0,0,26,26,43,50,1.163,0.03249,0.03069,1.059,0.06318,0.008863,7.962,0.1923
F:\AlphaProject\_PythonML\MidiGAN\gan_results\conv_gan_1.1\title\midi\run4\run4_epoch3500_6.mid,37,12,1,0,39,0,0.44,0.56,2,3,74,5.24,62,2,0.1,0.16,0.8,0.75,1,1,11.85,3.539,3.291,-0.1924,0.2034,0.2188,4.816,4.802,4.987,0,86,2,64,4,1,1.98,4,2,0.2929,0.7241,0.4646,0.1717,0.2929,0.4646,0.2929,0.0404,0.0303,0,0,0,0,0,2.625,0,0.4146,1.783,4.152,4.914,1,0,0,0,0,1,1,100,2.369,2.369,0.1084,2,3,2,0.34,0.99,0.66,0,0,0.01,0.25,0.75,0.4175,0.5,0.65,0.5231,1,0.1234,-2.006,5.039,2.273,1,2.016,0.07583,0.08333,0.03318,0.05133,0.05133,0.05133,0,0,0,0,0,0,0,0,0,0,29,24,43,41,1.049,0.03636,0.03273,1.111,0.06909,0.008353,12.46,0.125,120,120,0,21.1,4.738,0.2548,0.2001,0.2001,0.03335,0.03335,0.1146,0.3229,0.2002,0.03181,0,0,29,24,43,41,1.049,0.03636,0.03273,1.111,0.06909,0.008353,12.46,0.125
F:\AlphaProject\_PythonML\MidiGAN\gan_results\conv_gan_1.1\title\midi\run4\run4_epoch3500_60.mid,23,12,2,0,23,0,0.02,0.98,2,4,82,5.79,77,4,0.09,0.15,1,0.9333,3,1,5.881,2.883,3.279,0.8111,-0.2186,-0.1372,5.117,5.569,5.187,0,80,8,72,0,1,2.04,4,1,0.2424,0.9583,0.4848,0.1818,0.2424,0.4747,0.2727,0.0303,0,0.0303,0.0101,0,0,0,2.857,0,0.4568,1.5,3.704,4.955,1,0,0,0,0,1,1,100,2.308,2.308,0.09195,2,3,2,0.24,1,0.76,0,0,0,0.125,0.5,0.4387,0.5,0.76,0.3026,1,0.1102,-1.667,5.997,2.632,1,2.99,0.07229,0.08333,0.03644,0.05625,0.05625,0.05625,0,0,0,0,0,0,0,0,0,0,24,21,41,47,1.146,0.04307,0.03371,1.278,0.07678,0.00896,5,0.1429,120,120,0,21.67,4.615,0.08862,0.2061,0.2061,0.03151,0.03151,0.08333,0.2708,0.2045,0.03022,0.01,0,24,21,41,47,1.146,0.04307,0.03371,1.278,0.07678,0.00896,5,0.1429
F:\AlphaProject\_PythonML\MidiGAN\gan_results\conv_gan_1.1\title\midi\run4\run4_epoch3500_61.mid,27,12,2,0,29,0,0.03,0.97,1,4,88,6.44,93,9,0.15,0.19,0.7333,0.7895,1,1,7.042,3.295,3.479,-1.261,-0.5099,-0.345,5.887,5.189,4.77,0,85,1,71,11,0,1.798,4,1,0.2525,0.92,0.5253,0.2525,0.2323,0.4242,0.2727,0.0202,0.0303,0,0,0,0,0,2.375,0,0.4189,1.682,4,4.121,1,0,0,0,0,1,1,100,2.387,2.387,1.039,1,2,2,0.28,1,0.72,0,0,0,0.25,0.5,0.43,0.5,0.72,0.3889,1,0.1128,-1.861,5.155,2.439,2,2.11,0.07646,0.08333,0.03504,0.04674,0.04674,0.04674,0,0,0,0,0,0,0,0,0,0,29,26,43,41,1.049,0.03578,0.03399,1.053,0.06977,0.008457,4.654,0.2692,120,120,0,20.95,4.774,2.251,0.1991,0.1991,0.03146,0.03146,0.1354,0.2604,0.1997,0.02928,0,0,29,26,43,41,1.049,0.03578,0.03399,1.053,0.06977,0.008457,4.654,0.2692
F:\AlphaProject\_PythonML\MidiGAN\gan_results\conv_gan_1.1\title\midi\run4\run4_epoch3500_62.mid,16,12,5,0,15,0,0,1,1,5,86,4.27,86,2,0.15,0.15,0.9333,0.9333,1,1,3.121,3.287,3.397,-0.1634,1.159,-0.5211,6.129,5.464,4.94,0,85,1,86,2,2,1.788,4,1,0.2727,0.9259,0.4343,0.2323,0.2525,0.5253,0.1919,0.0303,0.0101,0.0101,0,0,0,0,0.4615,0,0.4868,1.81,4.071,5.507,1,0,0,0,0,1,1,100,2.395,2.395,1.033,1,2,2,0.34,1,0.66,0,0,0,0.25,0.5,0.415,0.5,0.66,0.5152,1,0.119,-2.142,4.625,2.041,1,1.87,0.07479,0.08333,0.03204,0.0504,0.0504,0.0504,0,0,0,0,0,0,0,0,0,0,21,20,41,47,1.146,0.04042,0.03163,1.278,0.07206,0.008652,8.75,0.1,120,120,0,20.88,4.79,2.259,0.1977,0.1977,0.03164,0.03164,0.1354,0.2604,0.1982,0.02926,0,0,21,20,41,47,1.146,0.04042,0.03163,1.278,0.07206,0.008652,8.75,0.1
F:\AlphaProject\_PythonML\MidiGAN\gan_results\conv_gan_1.1\title\midi\run4\run4_epoch3500_63.mid,33,12,2,0,37,0.07,0.7,0.23,1,4,67,6.07,71,11,0.12,0.16,0.8333,0.75,1,11,7.884,3.796,3.563,-0.9018,-0.735,0.2442,6.079,4.877,4.96,0,52,4,48,0,1,2,4,2,0.2929,0.7586,0.5253,0.202,0.2929,0.4343,0.2929,0.0202,0.0202,0.0202,0,0.0101,0,0,3.143,0.01,0.443,1.881,4.667,3.929,1,0,0,0,0,1,1,100,2.393,2.393,1.039,2,3,2,0.28,1,0.72,0,0,0,0.125,0.5,0.4288,0.5,0.72,0.375,1,0.1155,-1.851,5.381,2.174,1,2.379,0.07667,0.08333,0.03552,0.05683,0.05683,0.05683,0,0,0,0,0,0,0,0,0,0,35,19,43,51,1.186,0.04396,0.03663,1.2,0.08059,0.008627,10.42,0.2105,120,120,0,20.9,4.786,2.225,0.1983,0.1983,0.03732,0.03732,0.01042,0.2604,0.1971,0.03474,0.01,0,35,19,43,51,1.186,0.04396,0.03663,1.2,0.08059,0.008627,10.42,0.2105
F:\AlphaProject\_PythonML\MidiGAN\gan_results\conv_gan_1.1\title\midi\run4\run4_epoch3500_64.mid,21,12,3,0,21,0,0,1,2,2,91,5.71,93,9,0.14,0.15,0.7857,0.7333,1,5,4.278,3.334,3.313,-0.5119,-0.2609,-0.4255,6.032,4.981,5.029,0,82,10,93,9,1,1.606,4,1,0.3333,0.7576,0.4343,0.2525,0.3333,0.5152,0.1717,0.0404,0.0101,0.0101,0,0,0,0,1.833,0,0.4865,1.682,3.568,3.723,1,0,0,0,0,1,1,100,2.389,2.389,1.032,1,2,2,0.27,1,0.73,0,0,0,0.25,0.5,0.4325,0.5,0.73,0.3699,1,0.1115,-1.815,5.274,2.041,1,2.208,0.07854,0.08333,0.03588,0.05276,0.05276,0.05276,0,0,0,0,0,0,0,0,0,0,32,25,46,40,1.15,0.03784,0.03423,1.105,0.07207,0.008737,4.84,0.24,120,120,0,20.93,4.778,2.217,0.1983,0.1983,0.03042,0.03042,0.1042,0.2604,0.1982,0.0297,0,0,32,25,46,40,1.15,0.03784,0.03423,1.105,0.07207,0.008737,4.84,0.24
F:\AlphaProject\_PythonML\MidiGAN\gan_results\conv_gan_1.1\title\midi\run4\run4_epoch3500_65.mid,29,12,2,0,38,0,0.07,0.93,2,5,87,5.9,90,6,0.12,0.13,1,1,1,1,7.332,3.145,3.23,-0.8756,-0.0954,0.1672,7.263,5.195,4.997,0,85,1,72,0,1,2.212,4,1,0.2424,0.8333,0.4444,0.202,0.2424,0.4343,0.2222,0.06061,0.0303,0.0202,0.0303,0,0,0,3.4,0,0.4684,1.717,4.587,4.344,1,0,0,0,0,1,1,100,2.264,2.264,0.07963,1,2,2,0.23,1,0.77,0,0,0,0.25,0.5,0.4425,0.5,0.77,0.2987,1,0.1057,-1.631,5.877,2.326,1,2.327,0.06708,0.0625,0.03318,0.05849,0.05849,0.05849,0.1042,0.1042,0.1042,0.1042,0.1042,0.1042,0,0,0,0,24,22,41,47,1.146,0.04406,0.04406,1,0.08812,0.009066,11.86,0.1364,120,120,0,22.08,4.528,0.108,0.2101,0.2101,0.03226,0.03226,0.1562,0.2812,0.2079,0.02886,0,0,24,22,41,47,1.146,0.04406,0.04406,1,0.08812,0.009066,11.86,0.1364
F:\AlphaProject\_PythonML\MidiGAN\gan_results\conv_gan_1.1\title\midi\run4\run4_epoch3500_66.mid,36,12,1,0,45,0,0.54,0.46,2,4,74,5.5,64,4,0.11,0.15,0.5455,0.6667,1,4,11.74,3.255,3.416,1.242,0.4608,0.5444,5.189,5.068,4.933,0,84,0,57,9,1,1.848,5,1,0.2929,0.8621,0.4343,0.1717,0.2929,0.5455,0.2525,0.0101,0.0101,0.0101,0,0,0,0,1.273,0,0.4146,1.708,3.771,4.098,1,0,0,0,0,1,1,100,2.289,2.289,0.1527,1,2,2,0.2,1,0.8,0,0,0,0.25,0.5,0.45,0.5,0.8,0.25,1,0.1005,-1.492,6.512,2.857,2,4.016,0.07354,0.08333,0.04076,0.0515,0.0515,0.0515,0,0,0,0,0,0,0,0,0,0,22,12,44,51,1.159,0.05513,0.05133,1.074,0.1065,0.008959,5.667,0.3333,120,120,0,21.84,4.578,0.3014,0.208,0.208,0.03098,0.03098,0.1458,0.2708,0.2072,0.02871,0,0,22,12,44,51,1.159,0.05513,0.05133,1.074,0.1065,0.008959,5.667,0.3333
F:\AlphaProject\_PythonML\MidiGAN\gan_results\conv_gan_1.1\title\midi\run4\run4_epoch3500_67.mid,16,12,4,0,20,0,0,1,1,4,95,5.26,96,0,0.17,0.17,0.8824,0.9412,2,10,3.444,4.049,3.705,0.01742,0.1926,0.2105,7.894,4.589,4.775,0,82,10,92,8,1,1.798,4,1,0.3535,0.5714,0.404,0.202,0.3535,0.5152,0.202,0.05051,0.0303,0,0,0,0,0,1.5,0,0.5063,1.58,3.52,4.591,1,0,0,0,0,1,1,100,2.311,2.311,0.1279,1,2,2,0.24,1,0.76,0,0,0,0.25,0.5,0.44,0.5,0.76,0.3158,1,0.1073,-1.677,5.704,2.326,1,3.084,0.07833,0.08333,0.03218,0.05922,0.05922,0.05922,0.125,0.125,0.125,0.125,0.125,0.125,0,0,0,0,28,22,41,46,1.122,0.03875,0.03321,1.167,0.07196,0.008504,10.55,0.09091,120,120,0,21.64,4.622,0.2482,0.206,0.206,0.03376,0.03376,0.1146,0.2812,0.2035,0.03029,0,0,28,22,41,46,1.122,0.03875,0.03321,1.167,0.07196,0.008504,10.55,0.09091
F:\AlphaProject\_PythonML\MidiGAN\gan_results\conv_gan_1.1\title\midi\run4\run4_epoch3500_68.mid,25,12,1,0,28,0,0.01,0.99,2,4,85,6.22,84,9,0.1,0.13,0.8,1,1,1,5.96,3.73,3.492,0.453,-0.6274,0.2234,5.496,4.92,4.925,0,86,2,79,7,1,1.747,4,1,0.2727,0.963,0.4242,0.2222,0.2727,0.5354,0.1919,0.0202,0.0101,0.0101,0.0101,0,0,0,2.167,0,0.4545,1.604,3.438,4.544,1,0,0,0,0,1,1,100,2.411,2.411,1.038,1,2,2,0.33,1,0.67,0,0,0,0.25,0.5,0.4175,0.5,0.67,0.4925,1,0.1181,-2.095,4.695,2.128,1,1.74,0.07938,0.08333,0.03385,0.05324,0.05324,0.05324,0,0,0,0,0,0,0,0,0,0,31,23,46,40,1.15,0.04433,0.03723,1.19,0.08156,0.008686,7.522,0.3478,120,120,0,20.74,4.822,2.226,0.1967,0.1967,0.02966,0.02966,0.1146,0.2604,0.1964,0.02803,0,0,31,23,46,40,1.15,0.04433,0.03723,1.19,0.08156,0.008686,7.522,0.3478
F:\AlphaProject\_PythonML\MidiGAN\gan_results\conv_gan_1.1\title\midi\run4\run4_epoch3500_69.mid,17,12,4,0,17,0,0,1,1,4,84,4.44,84,0,0.19,0.19,0.6842,0.6842,1,1,3.274,3.815,3.757,0.4399,1.132,0.1278,6.528,4.938,4.803,0,85,1,89,5,1,1.657,4,1,0.2727,0.963,0.4545,0.2626,0.2727,0.5051,0.1818,0.0303,0,0.0101,0.0101,0,0,0,1.571,0,0.4521,1.46,3.12,4.162,1,0,0,0,0,1,1,100,2.326,2.326,0.1508,1,2,2,0.27,1,0.73,0,0,0,0.25,0.5,0.4325,0.5,0.73,0.3699,1,0.1115,-1.815,5.274,2.564,2,2.624,0.07312,0.08333,0.03277,0.05669,0.05669,0.05669,0,0,0,0,0,0,0,0,0,0,25,21,41,46,1.122,0.04259,0.04074,1.045,0.08333,0.008877,8.714,0.1429,120,120,0,21.5,4.651,0.2736,0.2042,0.2042,0.03053,0.03053,0.1354,0.2708,0.2028,0.02903,0,0,25,21,41,46,1.122,0.04259,0.04074,1.045,0.08333,0.008877,8.714,0.1429
F:\AlphaProject\_PythonML\MidiGAN\gan_results\conv_gan_1.1\title\midi\run4\run4_epoch3500_7.mid,16,12,3,0,17,0,0,1,2,5,86,5.72,90,6,0.13,0.13,0.9231,0.9231,4,4,3.873,3.182,3.167,-0.4957,-0.264,0.341,5.361,5.079,5.083,0,85,1,79,7,1,1.616,4,1,0.404,0.55,0.3535,0.1717,0.404,0.6263,0.1717,0.0101,0.0101,0.0101,0,0,0,0,1.429,0,0.4512,1.783,3.435,4.257,1,0,0,0,0,1,1,100,2.406,2.406,1.041,1,2,2,0.27,1,0.73,0,0,0,0.25,0.5,0.4325,0.5,0.73,0.3699,1,0.1115,-1.815,5.274,2.439,2,2.57,0.08375,0.08333,0.0323,0.05163,0.05163,0.05163,0,0,0,0,0,0,0,0,0,0,26,24,41,47,1.146,0.03534,0.0318,1.111,0.06714,0.008374,6.75,0.125,120,120,0,20.78,4.812,2.254,0.1974,0.1974,0.02898,0.02898,0.1354,0.2604,0.1971,0.0255,0,0,26,24,41,47,1.146,0.03534,0.0318,1.111,0.06714,0.008374,6.75,0.125
F:\AlphaProject\_PythonML\MidiGAN\gan_results\conv_gan_1.1\title\midi\run4\run4_epoch3500_70.mid,19,12,3,0,26,0,0.01,0.99,3,2,84,5.35,85,8,0.13,0.15,0.8462,0.8667,5,7,4.412,3.566,3.367,0.2108,-0.5469,-0.5257,7.433,4.835,4.997,0,67,7,79,7,0,1.636,4,1,0.2929,1,0.4949,0.2929,0.2929,0.4646,0.1818,0.0202,0.0202,0.0101,0,0,0.0101,0,3.5,0.01,0.5,1.458,3.333,3.063,1,0,0,0,0,1,1,100,2.433,2.433,1.046,3,4,2,0.3,0.99,0.7,0,0,0.01,0.125,0.75,0.4263,0.5,0.69,0.4203,1,0.1219,-1.815,5.485,2.083,1,2.296,0.08333,0.08333,0.02794,0.05018,0.05018,0.05018,0,0,0,0,0,0,0,0,0,0,25,23,41,49,1.195,0.03866,0.03691,1.048,0.07557,0.009179,9.609,0.08696,120,120,0,20.55,4.866,2.278,0.195,0.195,0.03503,0.03503,0.03125,0.3333,0.1952,0.03433,0.01,0,25,23,41,49,1.195,0.03866,0.03691,1.048,0.07557,0.009179,9.609,0.08696
F:\AlphaProject\_PythonML\MidiGAN\gan_results\conv_gan_1.1\title\midi\run4\run4_epoch3500_71.mid,23,12,2,0,25,0,0.04,0.96,2,5,82,5.25,85,1,0.1,0.15,0.9,0.6667,2,3,5.498,3.543,3.194,-0.4529,0.2117,-0.08452,6.046,4.9,5.179,0,66,6,70,10,1,1.798,5,1,0.3131,0.7097,0.4848,0.2222,0.3131,0.4848,0.2525,0.0101,0.0202,0,0,0.0101,0,0,1.5,0,0.4156,1.711,3.889,4.524,1,0,0,0,0,1,1,100,2.394,2.394,1.05,2,3,2,0.29,1,0.71,0,0,0,0.125,0.5,0.4263,0.5,0.71,0.3944,1,0.1166,-1.897,5.26,2.041,1,2.685,0.07521,0.08333,0.03894,0.05087,0.05087,0.05087,0.1042,0.1042,0.1042,0.1042,0.1042,0.1042,0,0,0,0,30,17,41,43,1.049,0.04472,0.03399,1.316,0.07871,0.008704,8.353,0.1765,120,120,0,20.89,4.788,2.259,0.1977,0.1977,0.03732,0.03732,0.0625,0.2708,0.1982,0.03564,0.02,0,30,17,41,43,1.049,0.04472,0.03399,1.316,0.07871,0.008704,8.353,0.1765
F:\AlphaProject\_PythonML\MidiGAN\gan_results\conv_gan_1.1\title\midi\run4\run4_epoch3500_72.mid,16,12,5,0,21,0,0,1,3,5,93,6.61,93,9,0.15,0.15,0.9333,0.9333,2,2,3.689,3.408,3.143,0.3009,-0.3433,0.5631,7.644,5.181,5.216,0,79,7,100,4,0,1.586,4,1,0.3434,0.6176,0.5354,0.3434,0.2121,0.4141,0.1919,0,0.0303,0,0.0202,0,0,0,2.8,0,0.5385,1.625,3.725,3.56,1,0,0,0,0,1,1,100,2.406,2.406,1.041,2,3,2,0.29,1,0.71,0,0,0,0.125,0.5,0.4263,0.5,0.71,0.3944,1,0.1166,-1.897,5.26,1.852,1,1.753,0.07833,0.08333,0.03429,0.04862,0.04862,0.04862,0,0,0,0,0,0,0,0,0,0,26,18,41,43,1.049,0.04643,0.03214,1.444,0.07857,0.008643,8.333,0.1111,120,120,0,20.78,4.812,2.222,0.1971,0.1971,0.03228,0.03228,0.08333,0.2812,0.1977,0.03186,0.01,0,26,18,41,43,1.049,0.04643,0.03214,1.444,0.07857,0.008643,8.333,0.1111
F:\AlphaProject\_PythonML\MidiGAN\gan_results\conv_gan_1.1\title\midi\run4\run4_epoch3500_73.mid,17,12,4,0,22,0,0,1,3,4,90,6.31,91,6,0.14,0.14,0.9286,1,1,1,3.839,3.1,3.157,-0.3517,-0.6677,-0.4466,6.76,5.417,5.131,0,85,1,83,11,1,1.717,4,1,0.303,0.8667,0.3939,0.202,0.303,0.5657,0.1919,0.0202,0.0101,0,0.0101,0,0,0,1.714,0,0.4557,1.58,3.3,4.653,1,0,0,0,0,1,1,100,2.304,2.304,0.1581,1,2,2,0.21,1,0.79,0,0,0,0.25,0.5,0.4475,0.5,0.79,0.2658,1,0.1023,-1.539,6.278,2.439,1,2.54,0.07437,0.08333,0.03494,0.05569,0.05569,0.05569,0,0,0,0,0,0,0,0,0,0,28,28,44,67,1.523,0.03403,0.02836,1.2,0.06238,0.00871,5.607,0.2857,120,120,0,21.7,4.609,0.2934,0.206,0.206,0.02997,0.02997,0.1458,0.2812,0.2049,0.02742,0,0,28,28,44,67,1.523,0.03403,0.02836,1.2,0.06238,0.00871,5.607,0.2857
F:\AlphaProject\_PythonML\MidiGAN\gan_results\conv_gan_1.1\title\midi\run4\run4_epoch3500_74.mid,21,12,3,0,26,0,0,1,2,5,93,5.11,97,1,0.18,0.2,0.6111,0.55,3,9,4.546,3.866,3.321,-0.7193,0.08536,-0.5329,7.685,4.716,5.106,0,85,1,79,7,0,1.939,5,2,0.2727,0.7407,0.5657,0.2727,0.1717,0.3737,0.2828,0.0404,0.0101,0.0101,0.0101,0,0,0,1.8,0,0.4722,1.8,4.775,4.516,1,0,0,0,0,1,1,100,2.367,2.367,0.136,1,2,2,0.24,1,0.76,0,0,0,0.25,0.5,0.44,0.5,0.76,0.3158,1,0.1073,-1.677,5.704,2.326,1,2.358,0.07729,0.08333,0.03261,0.0498,0.0498,0.0498,0,0,0,0,0,0,0,0,0,0,26,21,40,43,1.075,0.03784,0.03063,1.235,0.06847,0.008741,8.524,0.09524,120,120,0,21.12,4.734,0.2568,0.2011,0.2011,0.02989,0.02989,0.1354,0.2708,0.2007,0.02773,0,0,26,21,40,43,1.075,0.03784,0.03063,1.235,0.06847,0.008741,8.524,0.09524
F:\AlphaProject\_PythonML\MidiGAN\gan_results\conv_gan_1.1\title\midi\run4\run4_epoch3500_75.mid,20,12,3,0,19,0,0,1,2,3,92,4.78,96,0,0.12,0.14,0.9167,0.9286,2,3,4.588,3.625,3.762,-0.2485,0.6455,-1.196,5.475,4.858,4.734,0,84,0,89,5,1,1.97,4,1,0.2626,0.9615,0.4242,0.2121,0.2626,0.5152,0.1818,0.0202,0.0303,0.0202,0.0101,0.0101,0,0,2.6,0,0.5128,1.814,4.488,4.267,1,0,0,0,0,1,1,100,2.329,2.329,0.1502,1,2,2,0.22,1,0.78,0,0,0,0.25,0.5,0.445,0.5,0.78,0.2821,1,0.1041,-1.585,6.067,2.703,1,3.054,0.07604,0.08333,0.03595,0.0524,0.0524,0.0524,0,0,0,0,0,0,0,0,0,0,28,23,41,47,1.146,0.03617,0.03255,1.111,0.06872,0.008387,11.7,0.1304,120,120,0,21.47,4.658,0.2637,0.2037,0.2037,0.03414,0.03414,0.1458,0.2917,0.2034,0.03014,0,0,28,23,41,47,1.146,0.03617,0.03255,1.111,0.06872,0.008387,11.7,0.1304
F:\AlphaProject\_PythonML\MidiGAN\gan_results\conv_gan_1.1\title\midi\run4\run4_epoch3500_76.mid,26,12,4,0,26,0,0.06,0.94,2,4,79,5.44,75,8,0.11,0.14,1,0.9286,1,5,6.02,3.003,3.284,0.9767,0.4396,0.03654,5.811,5.331,5.075,0,86,2,80,8,1,1.657,4,1,0.3535,0.6571,0.4444,0.2323,0.3535,0.5152,0.2121,0.0101,0.0101,0,0.0202,0,0,0,2.5,0,0.4605,1.727,3.545,4.833,1,0,0,0,0,1,1,100,2.401,2.401,1.029,1,2,2,0.35,1,0.65,0,0,0,0.25,0.5,0.4125,0.5,0.65,0.5385,1,0.1198,-2.19,4.561,2.128,1,1.555,0.07208,0.08333,0.03329,0.04852,0.04852,0.04852,0,0,0,0,0,0,0,0,0,0,30,22,46,41,1.122,0.04668,0.04309,1.083,0.08977,0.008633,11.14,0.2273,120,120,0,20.82,4.802,2.225,0.1973,0.1973,0.03064,0.03064,0.1146,0.25,0.1981,0.02994,0,0,30,22,46,41,1.122,0.04668,0.04309,1.083,0.08977,0.008633,11.14,0.2273
F:\AlphaProject\_PythonML\MidiGAN\gan_results\conv_gan_1.1\title\midi\run4\run4_epoch3500_77.mid,22,12,3,0,23,0,0.08,0.92,2,4,82,4.57,87,3,0.15,0.18,0.8667,0.8333,1,1,5.539,3.565,3.543,-0.6445,0.4796,0.3979,5.939,5.292,4.922,0,75,3,71,11,1,1.657,4,1,0.3838,0.5526,0.3636,0.1818,0.3838,0.596,0.1717,0.0303,0.0101,0,0,0.0101,0,0,7.5,0.01,0.4444,1.688,3.396,4.691,1,0,0,0,0,1,1,100,2.36,2.36,0.1447,2,3,2,0.26,1,0.74,0,0,0,0.125,0.5,0.4338,0.5,0.74,0.3378,1,0.113,-1.759,5.661,2.128,1,1.941,0.0775,0.08333,0.03652,0.05605,0.05605,0.05605,0,0,0,0,0,0,0,0,0,0,26,26,43,41,1.049,0.03297,0.03114,1.059,0.0641,0.008758,8.962,0.1923,120,120,0,21.19,4.72,0.1187,0.2005,0.2005,0.03504,0.03504,0.03125,0.2812,0.2,0.03453,0.01,0,26,26,43,41,1.049,0.03297,0.03114,1.059,0.0641,0.008758,8.962,0.1923
F:\AlphaProject\_PythonML\MidiGAN\gan_results\conv_gan_1.1\title\midi\run4\run4_epoch3500_78.mid,15,12,6,0,20,0,0,1,2,5,88,4.63,88,4,0.13,0.13,1,1,1,1,3.283,2.762,3.631,-0.3381,-0.4019,-0.3884,7.404,5.636,4.851,0,79,7,88,4,1,2.232,4,1,0.2525,0.84,0.4242,0.1919,0.2525,0.4646,0.1919,0.07071,0.0202,0.0404,0.0202,0,0,0,2.167,0,0.475,1.481,4.056,5.014,1,0,0,0,0,1,1,100,2.278,2.278,0.1017,2,3,2,0.2,1,0.8,0,0,0,0.125,0.5,0.4487,0.5,0.8,0.2375,1,0.1037,-1.482,6.909,3.333,1,5.122,0.07417,0.08333,0.03749,0.06217,0.06217,0.06217,0,0,0,0,0,0,0,0,0,0,29,29,43,51,1.186,0.03626,0.03053,1.188,0.06679,0.008468,8.069,0.2069,120,120,0,21.95,4.556,0.2677,0.2086,0.2086,0.03526,0.03526,0.0625,0.2812,0.2058,0.03314,0.01,0,29,29,43,51,1.186,0.03626,0.03053,1.188,0.06679,0.008468,8.069,0.2069
F:\AlphaProject\_PythonML\MidiGAN\gan_results\conv_gan_1.1\title\midi\run4\run4_epoch3500_79.mid,20,12,6,0,22,0,0,1,3,4,86,4.8,88,4,0.12,0.12,0.9167,0.9167,2,2,4.448,3.194,3.569,-0.3237,-0.1878,-0.3026,6.83,5.183,4.928,0,75,3,75,3,1,1.677,3,1,0.3636,0.6111,0.3636,0.2222,0.3636,0.5657,0.1414,0.0303,0.0303,0,0.0101,0,0,0,1.333,0.01,0.4416,1.54,3.28,3.475,1,0,0,0,0,1,1,100,2.363,2.363,0.136,2,3,2,0.25,1,0.75,0,0,0,0.125,0.5,0.4363,0.5,0.75,0.32,1,0.1117,-1.713,5.821,2.041,1,1.814,0.07875,0.08333,0.03014,0.05465,0.05465,0.05465,0,0,0,0,0,0,0,0,0,0,25,18,41,48,1.171,0.04865,0.03604,1.35,0.08468,0.009494,7.111,0.1111,120,120,0,21.16,4.727,0.2137,0.2012,0.2012,0.0334,0.0334,0.01042,0.2812,0.2,0.0325,0.01,0,25,18,41,48,1.171,0.04865,0.03604,1.35,0.08468,0.009494,7.111,0.1111
F:\AlphaProject\_PythonML\MidiGAN\gan_results\conv_gan_1.1\title\midi\run4\run4_epoch3500_8.mid,21,12,3,0,29,0,0.02,0.98,2,5,81,5.07,85,4,0.12,0.16,0.9167,0.8125,6,3,5.179,3.049,3.216,-0.5851,0.06887,-0.2519,7.026,5.448,5.168,0,62,2,85,1,0,1.525,4,1,0.2929,1,0.4747,0.2929,0.2929,0.5051,0.1717,0.0101,0.0101,0,0,0,0.0101,0,1.833,0,0.4714,1.591,3.386,3.958,1,0,0,0,0,1,1,100,2.484,2.484,1.053,2,3,2,0.33,1,0.67,0,0,0,0.125,0.5,0.415,0.5,0.67,0.4627,1,0.1229,-2.074,5.002,1.562,1,1.139,0.08375,0.08333,0.03503,0.05383,0.05383,0.05383,0,0,0,0,0,0,0,0,0,0,31,24,43,46,1.07,0.03472,0.03299,1.053,0.06771,0.009137,5.667,0.125,120,120,0,20.12,4.969,2.31,0.19,0.19,0.03195,0.03195,0.07292,0.2708,0.1904,0.03148,0.02,0,31,24,43,46,1.07,0.03472,0.03299,1.053,0.06771,0.009137,5.667,0.125
F:\AlphaProject\_PythonML\MidiGAN\gan_results\conv_gan_1.1\title\midi\run4\run4_epoch3500_80.mid,28,12,1,0,32,0,0.1,0.9,2,4,81,4.91,86,2,0.12,0.15,0.5833,0.8667,1,4,7.175,3.105,3.277,-0.5394,-0.08697,-0.2838,5.988,5.265,5.014,0,85,1,64,4,2,1.667,4,2,0.303,0.8,0.404,0.2424,0.2424,0.5455,0.1616,0.0202,0.0303,0,0,0,0,0,2.2,0,0.4667,1.705,3.705,4.203,1,0,0,0,0,1,1,100,2.356,2.356,0.151,1,2,2,0.25,1,0.75,0,0,0,0.25,0.5,0.4375,0.5,0.75,0.3333,1,0.1088,-1.723,5.547,2.5,1,2.689,0.08167,0.08333,0.03306,0.05744,0.05744,0.05744,0,0,0,0,0,0,0,0,0,0,28,23,43,46,1.07,0.03867,0.03499,1.105,0.07366,0.008501,8.522,0.1304,120,120,0,21.22,4.713,0.2619,0.202,0.202,0.02998,0.02998,0.1458,0.3021,0.2,0.02734,0,0,28,23,43,46,1.07,0.03867,0.03499,1.105,0.07366,0.008501,8.522,0.1304
F:\AlphaProject\_PythonML\MidiGAN\gan_results\conv_gan_1.1\title\midi\run4\run4_epoch3500_81.mid,33,12,0,0,36,0,0.23,0.77,5,3,80,5.54,85,9,0.07,0.13,0.8571,0.7692,16,6,8.506,3.583,3.169,-0.5573,-0.3852,-0.549,5.325,4.812,5.114,0,68,8,65,5,1,1.747,4,1,0.2929,0.7931,0.4646,0.2323,0.2929,0.4949,0.2222,0.0202,0.0101,0,0.0101,0.0101,0,0,6.333,0.01,0.3947,1.767,3.977,3.679,1,0,0,0,0,1,1,100,2.345,2.345,0.1281,2,3,2,0.28,1,0.72,0,0,0,0.125,0.5,0.4288,0.5,0.72,0.375,1,0.1155,-1.851,5.381,2.439,1,2.281,0.07104,0.08333,0.03416,0.06155,0.06155,0.06155,0,0,0,0,0,0,0,0,0,0,26,18,41,49,1.195,0.04396,0.03663,1.2,0.08059,0.008664,8.056,0.1667,120,120,0,21.32,4.69,0.3442,0.202,0.202,0.03767,0.03767,0.04167,0.2708,0.2001,0.0357,0.01,0,26,18,41,49,1.195,0.04396,0.03663,1.2,0.08059,0.008664,8.056,0.1667
F:\AlphaProject\_PythonML\MidiGAN\gan_results\conv_gan_1.1\title\midi\run4\run4_epoch3500_82.mid,24,12,1,0,26,0,0.33,0.67,2,4,74,5.56,74,2,0.12,0.15,0.6667,0.7333,1,9,5.866,3.699,3.562,0.2864,0.4542,0.2695,5.832,4.769,4.905,0,62,2,62,2,1,1.98,5,1,0.3333,0.6364,0.404,0.1616,0.3333,0.5455,0.2323,0.0303,0.0202,0,0,0,0.0101,0,0.7692,0,0.4458,1.596,3.731,4.758,1,0,0,0,0,1,1,100,2.375,2.375,0.1592,2,3,2,0.29,1,0.71,0,0,0,0.125,0.5,0.425,0.5,0.71,0.3803,1,0.1192,-1.888,5.421,1.923,1,1.619,0.07229,0.08333,0.03632,0.05146,0.05146,0.05146,0,0,0,0,0,0,0,0,0,0,24,17,73,41,1.78,0.04545,0.04,1.136,0.08545,0.009684,6.647,0.1765,120,120,0,21.05,4.75,0.3684,0.1999,0.1999,0.03444,0.03444,0.07292,0.2604,0.1997,0.03383,0.02,0,24,17,73,41,1.78,0.04545,0.04,1.136,0.08545,0.009684,6.647,0.1765
F:\AlphaProject\_PythonML\MidiGAN\gan_results\conv_gan_1.1\title\midi\run4\run4_epoch3500_83.mid,33,12,0,0,35,0.15,0.52,0.33,3,4,66,5.84,56,6,0.06,0.14,1,1,22,2,10.09,3.332,3.275,-0.1309,-0.144,-0.3664,4.906,5.175,5.16,0,61,1,52,4,1,1.97,5,1,0.3232,0.5937,0.4444,0.1515,0.3232,0.5152,0.2828,0.0404,0,0,0,0.0101,0,0,1.8,0,0.3929,1.826,4.174,4.467,1,0,0,0,0,1,1,100,2.393,2.393,1.026,2,3,2,0.25,1,0.75,0,0,0,0.125,0.5,0.435,0.5,0.75,0.3067,1,0.1144,-1.704,6.02,2.632,1,3.781,0.07833,0.08333,0.03352,0.05284,0.05284,0.05284,0,0,0,0,0,0,0,0,0,0,28,28,43,51,1.186,0.03473,0.03473,1,0.06947,0.008742,8.25,0.1071,120,120,0,20.9,4.786,2.22,0.1984,0.1984,0.03532,0.03532,0.0625,0.3021,0.1979,0.03379,0.02,0,28,28,43,51,1.186,0.03473,0.03473,1,0.06947,0.008742,8.25,0.1071
F:\AlphaProject\_PythonML\MidiGAN\gan_results\conv_gan_1.1\title\midi\run4\run4_epoch3500_84.mid,32,12,0,0,36,0,0.52,0.48,2,4,74,5.24,65,5,0.08,0.13,1,0.8462,1,1,10.48,3.092,3.545,0.7787,0.2329,-0.03385,4.865,5.226,4.906,0,85,1,63,3,2,1.919,5,1,0.2525,0.96,0.4848,0.1818,0.2424,0.4949,0.303,0.0101,0.0101,0,0,0,0,0,1,0,0.4444,1.723,3.979,4.613,1,0,0,0,0,1,1,100,2.324,2.324,0.1792,1,2,2,0.3,1,0.7,0,0,0,0.25,0.5,0.425,0.5,0.7,0.4286,1,0.1151,-1.954,4.946,2.439,1,2.712,0.07396,0.08333,0.03619,0.05521,0.05521,0.05521,0.1042,0.1042,0.1042,0.1042,0.1042,0.1042,0,0,0,0,27,24,43,49,1.14,0.04029,0.03114,1.294,0.07143,0.008336,10.83,0.2083,120,120,0,21.51,4.649,0.3718,0.2041,0.2041,0.03438,0.03438,0.125,0.2917,0.2032,0.0316,0,0,27,24,43,49,1.14,0.04029,0.03114,1.294,0.07143,0.008336,10.83,0.2083
F:\AlphaProject\_PythonML\MidiGAN\gan_results\conv_gan_1.1\title\midi\run4\run4_epoch3500_85.mid,33,12,3,0,39,0,0.17,0.83,3,5,82,5.6,87,6,0.1,0.13,1,0.8462,1,3,9.379,3.091,3.367,-1.318,-0.3882,-0.2495,5.939,5.357,5.057,0,84,0,59,11,1,2.051,4,1,0.2323,0.913,0.4848,0.202,0.2323,0.4444,0.2727,0.0404,0.0101,0.0101,0.0202,0,0,0,2.375,0,0.3797,1.646,4.208,4.177,1,0,0,0,0,1,1,100,2.282,2.282,0.08185,1,2,2,0.25,1,0.75,0,0,0,0.25,0.5,0.4375,0.5,0.75,0.3333,1,0.1088,-1.723,5.547,2.439,1,2.793,0.075,0.08333,0.03148,0.05944,0.05944,0.05944,0.1042,0.1042,0.1042,0.1042,0.1042,0.1042,0,0,0,0,24,17,41,47,1.146,0.04717,0.0434,1.087,0.09057,0.009177,7.471,0.1176,120,120,0,21.91,4.565,0.3282,0.2089,0.2089,0.0314,0.0314,0.1458,0.2708,0.206,0.02865,0,0,24,17,41,47,1.146,0.04717,0.0434,1.087,0.09057,0.009177,7.471,0.1176
F:\AlphaProject\_PythonML\MidiGAN\gan_results\conv_gan_1.1\title\midi\run4\run4_epoch3500_86.mid,28,12,2,0,30,0,0,1,1,5,85,6.4,80,7,0.1,0.14,0.9,1,2,1,6.839,2.951,3.354,0.7019,-0.61,-0.1789,5.714,5.471,4.926,0,85,1,78,6,1,1.929,4,1,0.3131,0.6774,0.4141,0.1616,0.3131,0.5253,0.2323,0.06061,0,0.0202,0,0,0,0,3.6,0,0.4578,1.694,3.878,5,1,0,0,0,0,1,1,100,2.259,2.259,0.1133,1,2,2,0.17,1,0.83,0,0,0,0.25,0.5,0.4575,0.5,0.83,0.2048,1,0.09438,-1.351,7.392,3.03,1,3.386,0.07271,0.08333,0.03669,0.05647,0.05647,0.05647,0,0,0,0,0,0,0,0,0,0,26,26,40,43,1.075,0.03598,0.03598,1,0.07197,0.008793,7.269,0.07692,120,120,0,22.14,4.518,0.1009,0.2102,0.2102,0.03282,0.03282,0.1354,0.3021,0.2089,0.03057,0,0,26,26,40,43,1.075,0.03598,0.03598,1,0.07197,0.008793,7.269,0.07692
F:\AlphaProject\_PythonML\MidiGAN\gan_results\conv_gan_1.1\title\midi\run4\run4_epoch3500_87.mid,29,12,2,0,28,0,0.1,0.9,2,4,82,4.69,90,4,0.12,0.16,0.9167,0.9375,2,2,7.566,3.132,3.309,-0.6146,-0.2969,0.2085,4.774,5.585,5.369,0,86,2,78,6,1,1.818,4,1,0.3333,0.6364,0.4444,0.2121,0.3333,0.5051,0.2121,0.0202,0.0303,0.0101,0,0.0101,0,0,3.2,0,0.4487,1.814,4.163,4.446,1,0,0,0,0,1,1,100,2.287,2.287,0.05572,1,2,2,0.26,1,0.74,0,0,0,0.25,0.5,0.435,0.5,0.74,0.3514,1,0.1102,-1.769,5.405,2.326,1,2.179,0.07042,0.08333,0.03836,0.05288,0.05288,0.05288,0,0,0,0,0,0,0,0,0,0,25,25,43,41,1.049,0.03619,0.03048,1.187,0.06667,0.008668,8.08,0.24,120,120,0,21.86,4.574,0.0918,0.2076,0.2076,0.03101,0.03101,0.1354,0.2708,0.2071,0.02984,0,0,25,25,43,41,1.049,0.03619,0.03048,1.187,0.06667,0.008668,8.08,0.24
F:\AlphaProject\_PythonML\MidiGAN\gan_results\conv_gan_1.1\title\midi\run4\run4_epoch3500_88.mid,35,12,0,0,41,0,0.45,0.55,4,2,76,5.07,63,3,0.08,0.14,0.875,1,3,3,12.28,3.049,3.07,0.2712,0.06887,-0.4984,4.648,5.028,5.06,0,83,11,61,1,1,1.879,4,2,0.3737,0.5946,0.4343,0.1414,0.3737,0.5556,0.2626,0,0.0101,0.0202,0,0.0101,0,0,5.5,0,0.3765,1.809,3.936,4.41,1,0,0,0,0,1,1,100,2.267,2.267,0.08242,1,2,2,0.22,1,0.78,0,0,0,0.25,0.5,0.445,0.5,0.78,0.2821,1,0.1041,-1.585,6.067,2.564,1,2.593,0.07062,0.08333,0.03961,0.05479,0.05479,0.05479,0,0,0,0,0,0,0,0,0,0,26,22,44,41,1.073,0.04247,0.02703,1.571,0.0695,0.008935,6.864,0.3636,120,120,0,22.05,4.535,0.1883,0.2095,0.2095,0.03038,0.03038,0.1458,0.2708,0.2084,0.02922,0,0,26,22,44,41,1.073,0.04247,0.02703,1.571,0.0695,0.008935,6.864,0.3636
F:\AlphaProject\_PythonML\MidiGAN\gan_results\conv_gan_1.1\title\midi\run4\run4_epoch3500_89.mid,26,12,1,0,30,0,0.01,0.99,2,4,86,5.06,77,0,0.09,0.12,0.7778,1,4,3,8.149,3.595,3.65,0.8467,0.05007,0.2466,4.974,4.996,4.88,0,85,1,79,7,1,1.879,4,1,0.303,0.7,0.4646,0.202,0.303,0.5152,0.2323,0,0.0101,0.0202,0.0101,0.0101,0,0,2.286,0,0.443,1.717,3.87,4.636,1,0,0,0,0,1,1,100,2.315,2.315,0.124,1,2,2,0.24,1,0.76,0,0,0,0.25,0.5,0.44,0.5,0.76,0.3158,1,0.1073,-1.677,5.704,2.222,1,3.204,0.07313,0.08333,0.03572,0.05885,0.05885,0.05885,0,0,0,0,0,0,0,0,0,0,24,21,47,43,1.093,0.04315,0.03565,1.211,0.0788,0.009062,5.19,0.1905,120,120,0,21.59,4.631,0.1699,0.205,0.205,0.03005,0.03005,0.1354,0.2604,0.2032,0.02784,0,0,24,21,47,43,1.093,0.04315,0.03565,1.211,0.0788,0.009062,5.19,0.1905
F:\AlphaProject\_PythonML\MidiGAN\gan_results\conv_gan_1.1\title\midi\run4\run4_epoch3500_9.mid,20,12,4,0,23,0,0,1,1,4,86,4.64,86,2,0.15,0.16,0.9333,0.875,1,1,3.843,3.18,3.229,-0.03123,0.6038,0.223,7.014,5.311,5.098,0,81,9,77,5,1,1.616,4,1,0.2828,0.9643,0.4747,0.2727,0.2828,0.4747,0.202,0.0303,0.0202,0,0,0,0,0,1.857,0,0.4861,1.636,3.591,3.882,1,0,0,0,0,1,1,100,2.389,2.389,1.038,1,2,2,0.3,1,0.7,0,0,0,0.25,0.5,0.425,0.5,0.7,0.4286,1,0.1151,-1.954,4.946,1.754,1,1.272,0.07833,0.08333,0.03107,0.04928,0.04928,0.04928,0,0,0,0,0,0,0,0,0,0,23,21,42,49,1.167,0.04078,0.03723,1.095,0.07801,0.009275,4.524,0.1429,120,120,0,20.93,4.778,2.254,0.1985,0.1985,0.03174,0.03174,0.1042,0.3021,0.199,0.03079,0,0,23,21,42,49,1.167,0.04078,0.03723,1.095,0.07801,0.009275,4.524,0.1429
F:\AlphaProject\_PythonML\MidiGAN\gan_results\conv_gan_1.1\title\midi\run4\run4_epoch3500_90.mid,36,12,0,0,41,0,0.48,0.52,2,4,73,4.75,73,1,0.08,0.13,0.875,0.8462,1,1,9.332,3.439,3.529,0.2797,-0.2181,-0.3995,5.861,5.046,4.99,0,85,1,64,4,1,1.97,4,1,0.303,0.6667,0.4444,0.202,0.303,0.4646,0.2424,0.05051,0.0101,0,0.0303,0,0,0,3,0,0.4177,1.58,3.74,4.774,1,0,0,0,0,1,1,100,2.318,2.318,0.208,2,3,2,0.24,0.99,0.76,0,0,0.01,0.25,0.75,0.4425,0.5,0.75,0.32,1,0.1115,-1.546,6.054,2.326,1,2.101,0.07708,0.08333,0.03485,0.05553,0.05553,0.05553,0,0,0,0,0,0,0,0,0,0,29,22,47,41,1.146,0.03704,0.03519,1.053,0.07222,0.008635,8.636,0.2273,120,120,0,21.57,4.635,0.4612,0.2051,0.2051,0.0318,0.0318,0.1458,0.3125,0.2037,0.02966,0,0,29,22,47,41,1.146,0.03704,0.03519,1.053,0.07222,0.008635,8.636,0.2273
F:\AlphaProject\_PythonML\MidiGAN\gan_results\conv_gan_1.1\title\midi\run4\run4_epoch3500_91.mid,33,12,0,0,35,0,0.24,0.76,2,4,80,5.31,89,3,0.07,0.14,1,0.8571,1,5,9.215,3.057,3.392,-0.5502,0.3042,-0.1327,5.117,5.269,4.985,0,79,7,68,8,1,2.051,4,2,0.2929,0.8966,0.5152,0.1616,0.2929,0.4444,0.3434,0.0101,0.0101,0.0101,0.0202,0,0,0,3.25,0,0.4096,1.66,3.9,4.258,1,0,0,0,0,1,1,100,2.361,2.361,0.1111,2,3,2,0.31,1,0.69,0,0,0,0.125,0.5,0.4213,0.5,0.69,0.4348,1,0.1187,-1.99,5.046,1.852,1,1.522,0.075,0.08333,0.03566,0.05657,0.05657,0.05657,0,0,0,0,0,0,0,0,0,0,27,27,41,48,1.171,0.0348,0.03297,1.056,0.06777,0.008688,12.44,0.07407,120,120,0,21.18,4.722,0.1371,0.201,0.201,0.03308,0.03308,0.0625,0.2708,0.1998,0.03275,0.01,0,27,27,41,48,1.171,0.0348,0.03297,1.056,0.06777,0.008688,12.44,0.07407
F:\AlphaProject\_PythonML\MidiGAN\gan_results\conv_gan_1.1\title\midi\run4\run4_epoch3500_92.mid,20,12,1,0,19,0,0,1,2,5,88,5.66,91,7,0.11,0.13,0.7273,0.8462,4,1,4.919,3.394,3.638,-0.4757,-0.3005,-0.4783,5.396,5.054,4.821,0,86,2,80,8,1,1.697,4,1,0.303,0.8667,0.5152,0.2626,0.303,0.4343,0.2323,0.05051,0,0.0202,0,0,0,0,4.75,0,0.4658,1.698,3.791,4.417,1,0,0,0,0,1,1,100,2.396,2.396,1.041,1,2,2,0.32,1,0.68,0,0,0,0.25,0.5,0.42,0.5,0.68,0.4706,1,0.1172,-2.048,4.771,2.083,1,1.699,0.07583,0.08333,0.03264,0.05042,0.05042,0.05042,0,0,0,0,0,0,0,0,0,0,28,16,41,46,1.122,0.04779,0.04248,1.125,0.09027,0.00879,15.38,0.125,120,120,0,20.86,4.793,2.245,0.1984,0.1984,0.03268,0.03268,0.09375,0.2708,0.1981,0.03077,0.01,0,28,16,41,46,1.122,0.04779,0.04248,1.125,0.09027,0.00879,15.38,0.125
F:\AlphaProject\_PythonML\MidiGAN\gan_results\conv_gan_1.1\title\midi\run4\run4_epoch3500_93.mid,18,12,4,0,18,0,0,1,2,3,92,5.29,88,4,0.11,0.17,0.9091,0.5882,6,1,4.348,3.477,3.258,-0.1587,1.113,0.4328,5.147,5.011,5.074,0,84,0,90,6,1,1.616,4,1,0.3535,0.6571,0.4545,0.2323,0.3535,0.5152,0.2121,0.0101,0.0202,0.0101,0,0,0,0,2.5,0,0.4737,1.81,3.762,4.788,1,0,0,0,0,1,1,100,2.443,2.443,1.055,1,2,2,0.35,1,0.65,0,0,0,0.25,0.5,0.4125,0.5,0.65,0.5385,1,0.1198,-2.19,4.561,2.083,1,1.648,0.08188,0.08333,0.03067,0.04987,0.04987,0.04987,0,0,0,0,0,0,0,0,0,0,28,18,41,49,1.195,0.04325,0.03979,1.087,0.08304,0.008733,7.889,0.1111,120,120,0,20.47,4.885,2.282,0.1944,0.1944,0.02931,0.02931,0.1354,0.2708,0.1945,0.0271,0,0,28,18,41,49,1.195,0.04325,0.03979,1.087,0.08304,0.008733,7.889,0.1111
F:\AlphaProject\_PythonML\MidiGAN\gan_results\conv_gan_1.1\title\midi\run4\run4_epoch3500_94.mid,23,12,2,0,29,0,0.02,0.98,2,5,88,5.45,87,1,0.11,0.12,1,1,8,2,6.211,3.532,3.17,-0.4202,0.3823,-0.2366,6.938,4.872,5.125,0,81,9,77,5,1,1.657,4,1,0.3131,0.7419,0.404,0.2323,0.3131,0.5455,0.1616,0.0303,0.0101,0.0101,0.0101,0,0,0,4.333,0,0.4342,1.583,3.25,3.909,1,0,0,0,0,1,1,100,2.32,2.32,0.1714,2,3,2,0.26,0.99,0.74,0,0,0.01,0.25,0.75,0.4375,0.5,0.73,0.3562,1,0.1145,-1.638,5.769,1.961,1,1.865,0.08021,0.08333,0.03508,0.05703,0.05703,0.05703,0,0,0,0,0,0,0,0,0,0,25,25,43,51,1.186,0.03493,0.03493,1,0.06985,0.008573,6.28,0.12,120,120,0,21.55,4.64,0.2283,0.2045,0.2045,0.03704,0.03704,0.1146,0.3125,0.2032,0.03458,0,0,25,25,43,51,1.186,0.03493,0.03493,1,0.06985,0.008573,6.28,0.12
F:\AlphaProject\_PythonML\MidiGAN\gan_results\conv_gan_1.1\title\midi\run4\run4_epoch3500_95.mid,22,12,1,0,23,0,0.36,0.64,2,5,77,5.98,85,11,0.09,0.15,0.8889,0.9333,14,1,6.68,4.095,3.589,-0.3862,-0.7473,0.418,4.731,4.645,4.971,0,71,11,68,8,1,1.99,5,1,0.3131,0.6774,0.404,0.1515,0.3131,0.5253,0.2525,0.05051,0.0101,0,0.0101,0,0,0,1.778,0.01,0.4524,1.615,3.731,4.942,1,0,0,0,0,1,1,100,2.421,2.421,1.035,2,3,2,0.3,1,0.7,0,0,0,0.125,0.5,0.4238,0.5,0.7,0.4143,1,0.1177,-1.943,5.148,1.818,1,1.945,0.07687,0.08333,0.03398,0.05648,0.05648,0.05648,0,0,0,0,0,0,0,0,0,0,27,14,51,44,1.159,0.049,0.04719,1.038,0.09619,0.009155,9.357,0.2857,120,120,0,20.66,4.841,2.245,0.1961,0.1961,0.03814,0.03814,0.02083,0.2812,0.1949,0.03501,0.01,0,27,14,51,44,1.159,0.049,0.04719,1.038,0.09619,0.009155,9.357,0.2857
F:\AlphaProject\_PythonML\MidiGAN\gan_results\conv_gan_1.1\title\midi\run4\run4_epoch3500_96.mid,25,12,1,0,29,0,0.04,0.96,2,4,83,6.23,80,8,0.12,0.18,0.6667,0.6111,8,1,6.457,2.806,3.361,0.59,-0.8231,0.1518,5.854,5.375,4.924,0,83,11,66,6,1,2.051,5,1,0.2828,0.7143,0.4646,0.1717,0.2828,0.4848,0.2727,0.0202,0.0202,0.0202,0.0101,0,0,0,1.7,0,0.3902,1.519,3.741,5.108,1,0,0,0,0,1,1,100,2.286,2.286,0.09764,2,3,2,0.22,0.99,0.78,0,0,0.01,0.25,0.75,0.4475,0.5,0.77,0.2857,1,0.1083,-1.454,6.399,2.222,1,1.964,0.07271,0.08333,0.03357,0.05762,0.05762,0.05762,0,0,0,0,0,0,0,0,0,0,25,21,41,43,1.049,0.03781,0.03781,1,0.07561,0.008847,9.476,0.1429,120,120,0,21.88,4.571,0.1054,0.2082,0.2082,0.03306,0.03306,0.1354,0.3229,0.2061,0.02973,0,0,25,21,41,43,1.049,0.03781,0.03781,1,0.07561,0.008847,9.476,0.1429
F:\AlphaProject\_PythonML\MidiGAN\gan_results\conv_gan_1.1\title\midi\run4\run4_epoch3500_97.mid,33,12,2,1,38,0,0.23,0.77,2,4,77,5.71,76,4,0.13,0.2,0.7692,0.6,1,1,8.607,3.006,3.287,0.3311,0.7086,0.1187,5.905,5.411,5.144,0,86,2,58,10,1,1.717,4,1,0.3232,0.625,0.4545,0.202,0.3232,0.5253,0.2424,0.0101,0.0101,0.0101,0,0,0,0,2,0,0.4177,1.795,3.818,4.016,1,0,0,0,0,1,1,100,2.339,2.339,0.1561,1,2,2,0.25,1,0.75,0,0,0,0.25,0.5,0.4375,0.5,0.75,0.3333,1,0.1088,-1.723,5.547,2.857,2,3.371,0.07333,0.08333,0.03644,0.05166,0.05166,0.05166,0,0,0,0,0,0,0,0,0,0,28,28,43,46,1.07,0.03131,0.03131,1,0.06262,0.008381,7.25,0.1429,120,120,0,21.38,4.678,0.2801,0.2034,0.2034,0.03312,0.03312,0.125,0.2812,0.2027,0.03093,0,0,28,28,43,46,1.07,0.03131,0.03131,1,0.06262,0.008381,7.25,0.1429
F:\AlphaProject\_PythonML\MidiGAN\gan_results\conv_gan_1.1\title\midi\run4\run4_epoch3500_98.mid,20,12,3,0,22,0,0,1,1,4,89,5.21,87,3,0.11,0.16,0.8182,0.9375,4,8,5.269,3.955,3.443,0.6889,0.9178,0.2352,5.262,4.701,4.901,0,85,1,87,3,1,1.737,4,1,0.2929,0.931,0.3737,0.202,0.2929,0.5657,0.1717,0.0303,0.0303,0,0,0,0,0,2.4,0,0.5063,1.646,3.542,3.884,1,0,0,0,0,1,1,100,2.465,2.465,1.049,1,2,2,0.4,1,0.6,0,0,0,0.25,0.5,0.4,0.5,0.6,0.6667,1,0.1231,-2.437,4.32,1.818,1,1.492,0.07958,0.08333,0.03125,0.04879,0.04879,0.04879,0,0,0,0,0,0,0,0,0,0,28,19,41,43,1.049,0.04237,0.0339,1.25,0.07627,0.008715,7.105,0.1053,120,120,0,20.28,4.931,2.31,0.1922,0.1922,0.02917,0.02917,0.1354,0.25,0.1929,0.02712,0,0,28,19,41,43,1.049,0.04237,0.0339,1.25,0.07627,0.008715,7.105,0.1053
F:\AlphaProject\_PythonML\MidiGAN\gan_results\conv_gan_1.1\title\midi\run4\run4_epoch3500_99.mid,27,12,3,0,32,0,0.02,0.98,6,3,86,5.26,83,2,0.1,0.13,1,0.9231,3,9,6.109,3.583,3.003,0.1277,0.2177,-0.09989,6.772,4.923,5.342,0,85,1,73,1,2,2.101,4,1,0.3434,0.5882,0.4444,0.1717,0.1515,0.4949,0.2626,0.0404,0.0101,0.0101,0.0101,0,0,0,3.333,0,0.439,1.783,4.457,4.532,1,0,0,0,0,1,1,100,2.219,2.219,0.1914,2,3,2,0.18,0.99,0.82,0,0,0.01,0.25,0.75,0.4575,0.5,0.81,0.2222,1,0.1008,-1.264,7.342,2.857,1,3.397,0.07167,0.08333,0.0352,0.06241,0.06241,0.06241,0,0,0,0,0,0,0,0,0,0,28,28,51,42,1.214,0.03668,0.03475,1.056,0.07143,0.008554,8.429,0.1429,120,120,0,22.53,4.438,0.3453,0.215,0.215,0.03936,0.03936,0.1354,0.3854,0.2112,0.03418,0,0,28,28,51,42,1.214,0.03668,0.03475,1.056,0.07143,0.008554,8.429,0.1429
