,Average_Note_Duration
"F:\AlphaProject\_PythonML\MidiGAN\melodies\battle\GB_Castlevania_2_Belmonts_Revenge_Final_Battle.mid",0.1802
"F:\AlphaProject\_PythonML\MidiGAN\melodies\battle\HNK_KNKN_-_Armor_Battle_Theme.mid",0.1195
"F:\AlphaProject\_PythonML\MidiGAN\melodies\battle\IoGfinal.mid",0.1405
"F:\AlphaProject\_PythonML\MidiGAN\melodies\battle\GPTB-1.mid",0.506
"F:\AlphaProject\_PythonML\MidiGAN\melodies\battle\HNK_KNKN_-_Bridge_Battle_Theme.mid",0.1046
"F:\AlphaProject\_PythonML\MidiGAN\melodies\battle\IX-Battle.mid",0.1626
"F:\AlphaProject\_PythonML\MidiGAN\melodies\battle\JGFairybatt.mid",0.2625
"F:\AlphaProject\_PythonML\MidiGAN\melodies\battle\ff9_412y.mid",0.2722
"F:\AlphaProject\_PythonML\MidiGAN\melodies\battle\JGLOMIrwin.mid",0.7827
"F:\AlphaProject\_PythonML\MidiGAN\melodies\battle\Kaarena.mid",0.09766
"F:\AlphaProject\_PythonML\MidiGAN\melodies\battle\dw2battleX.mid",0.1982
"F:\AlphaProject\_PythonML\MidiGAN\melodies\battle\JILost_-_Gameboy_-_Zelda_4_-_Last_Boss.mid",0.1287
"F:\AlphaProject\_PythonML\MidiGAN\melodies\battle\johto-gym-leader-battle.mid",0.138
"F:\AlphaProject\_PythonML\MidiGAN\melodies\battle\k_rool_fight_intro.mid",0.2317
"F:\AlphaProject\_PythonML\MidiGAN\melodies\battle\Dragonball_Z_-_Trunks'_Theme.mid",0.1756
"F:\AlphaProject\_PythonML\MidiGAN\melodies\battle\Kai2Xg1.mid",0.1007
"F:\AlphaProject\_PythonML\MidiGAN\melodies\battle\kbb-boss.mid",0.2156
"F:\AlphaProject\_PythonML\MidiGAN\melodies\battle\BL_ghgs_usualbattle.mid",0.05531
"F:\AlphaProject\_PythonML\MidiGAN\melodies\battle\kdedede.mid",0.1801
"F:\AlphaProject\_PythonML\MidiGAN\melodies\battle\DBZLSW_Battle_Theme.mid",0.1245
"F:\AlphaProject\_PythonML\MidiGAN\melodies\battle\kbb-dedede.mid",0.1434
"F:\AlphaProject\_PythonML\MidiGAN\melodies\battle\kdlboss.mid",0.1037
"F:\AlphaProject\_PythonML\MidiGAN\melodies\battle\kssapfb.mid",0.2006
"F:\AlphaProject\_PythonML\MidiGAN\melodies\battle\ays3boss.mid",0.75
"F:\AlphaProject\_PythonML\MidiGAN\melodies\battle\KickleCubicleBoss.mid",0.09964
"F:\AlphaProject\_PythonML\MidiGAN\melodies\battle\KidNiki-Boss.mid",0.1257
"F:\AlphaProject\_PythonML\MidiGAN\melodies\battle\ktb-apbattle.mid",0.392
"F:\AlphaProject\_PythonML\MidiGAN\melodies\battle\do1_bt.mid",0.3469
"F:\AlphaProject\_PythonML\MidiGAN\melodies\battle\ff8_battle_techno.mid",0.2365
"F:\AlphaProject\_PythonML\MidiGAN\melodies\battle\KishinDoujiZenki1-ChurchBoss.mid",0.3751
"F:\AlphaProject\_PythonML\MidiGAN\melodies\battle\l2boss.mid",0.2551
"F:\AlphaProject\_PythonML\MidiGAN\melodies\battle\ctboss.mid",0.08013
"F:\AlphaProject\_PythonML\MidiGAN\melodies\battle\Bomberman64BattleRemix.mid",0.1248
"F:\AlphaProject\_PythonML\MidiGAN\melodies\battle\champion_blue.mid",0.1024
"F:\AlphaProject\_PythonML\MidiGAN\melodies\battle\L3_Sinistrals.mid",0.2644
"F:\AlphaProject\_PythonML\MidiGAN\melodies\battle\Lastboss.mid",0.114
"F:\AlphaProject\_PythonML\MidiGAN\melodies\battle\Laughter2.mid",0.09567
"F:\AlphaProject\_PythonML\MidiGAN\melodies\battle\lb3_bt1.mid",0.1399
"F:\AlphaProject\_PythonML\MidiGAN\melodies\battle\lb3_bt2-1.mid",0.1125
"F:\AlphaProject\_PythonML\MidiGAN\melodies\battle\LegendofHeroes2_Battle1_GM.mid",0.169
"F:\AlphaProject\_PythonML\MidiGAN\melodies\battle\Lennus_Battle_Xg.mid",0.1476
"F:\AlphaProject\_PythonML\MidiGAN\melodies\battle\LIPSBATT.mid",0.117
"F:\AlphaProject\_PythonML\MidiGAN\melodies\battle\LODBATT2.mid",0.09273
"F:\AlphaProject\_PythonML\MidiGAN\melodies\battle\LODPREP.mid",0.5229
"F:\AlphaProject\_PythonML\MidiGAN\melodies\battle\LOLO3BOS.mid",0.1067
"F:\AlphaProject\_PythonML\MidiGAN\melodies\battle\luf1boss.mid",0.5098
"F:\AlphaProject\_PythonML\MidiGAN\melodies\battle\luf2batt.mid",0.4589
"F:\AlphaProject\_PythonML\MidiGAN\melodies\battle\m64crse1.mid",0.1415
"F:\AlphaProject\_PythonML\MidiGAN\melodies\battle\Btowbtl2.mid",0.1481
"F:\AlphaProject\_PythonML\MidiGAN\melodies\battle\Luf2btl3.mid",0.4122
"F:\AlphaProject\_PythonML\MidiGAN\melodies\battle\luf2sinistral2.mid",0.4219
"F:\AlphaProject\_PythonML\MidiGAN\melodies\battle\lufia1_bt3.mid",0.1295
"F:\AlphaProject\_PythonML\MidiGAN\melodies\battle\marx.mid",0.2791
"F:\AlphaProject\_PythonML\MidiGAN\melodies\battle\dw1fight.mid",0.1767
"F:\AlphaProject\_PythonML\MidiGAN\melodies\battle\Lufia2_Sinistral_Battle_Xg.mid",0.4179
"F:\AlphaProject\_PythonML\MidiGAN\melodies\battle\lufia2lastfortress.mid",0.07077
"F:\AlphaProject\_PythonML\MidiGAN\melodies\battle\Lufia3_Battle_Arr_Xg.mid",0.2646
"F:\AlphaProject\_PythonML\MidiGAN\melodies\battle\mm3_bt.mid",0.1072
"F:\AlphaProject\_PythonML\MidiGAN\melodies\battle\16-BattleTheme.mid",1.327
"F:\AlphaProject\_PythonML\MidiGAN\melodies\battle\Lufiabat.mid",0.2393
"F:\AlphaProject\_PythonML\MidiGAN\melodies\battle\Master5.mid",0.1191
"F:\AlphaProject\_PythonML\MidiGAN\melodies\battle\Hammerhead-Bros.mid",0.3
"F:\AlphaProject\_PythonML\MidiGAN\melodies\battle\MadouMonogatariSNES_Battle.mid",0.1007
"F:\AlphaProject\_PythonML\MidiGAN\melodies\battle\Magi_Boss_Battle.mid",0.3432
"F:\AlphaProject\_PythonML\MidiGAN\melodies\battle\Magic_Sword_-_Enemy_Battle.mid",0.4109
"F:\AlphaProject\_PythonML\MidiGAN\melodies\battle\actraiser_boss_battle_2.mid",0.1482
"F:\AlphaProject\_PythonML\MidiGAN\melodies\battle\majoramaskmidboss.mid",0.1377
"F:\AlphaProject\_PythonML\MidiGAN\melodies\battle\Mana_Tree[1].mid",0.1239
"F:\AlphaProject\_PythonML\MidiGAN\melodies\battle\MK64bttl.mid",0.2305
"F:\AlphaProject\_PythonML\MidiGAN\melodies\battle\FF9_Boss_Battle_Big_Band_Arrangement_dw.mid",0.1902
"F:\AlphaProject\_PythonML\MidiGAN\melodies\battle\Mantis_Hymn.mid",2.953
"F:\AlphaProject\_PythonML\MidiGAN\melodies\battle\mbattle(v1.1).mid",0.1804
"F:\AlphaProject\_PythonML\MidiGAN\melodies\battle\Battle (3).mid",0.2238
"F:\AlphaProject\_PythonML\MidiGAN\melodies\battle\Mechanical_Battle.mid",0.08698
"F:\AlphaProject\_PythonML\MidiGAN\melodies\battle\mm8forte.mid",0.3327
"F:\AlphaProject\_PythonML\MidiGAN\melodies\battle\fls2_bbt.mid",0.3643
"F:\AlphaProject\_PythonML\MidiGAN\melodies\battle\07_The_Battle.mid",0.5295
"F:\AlphaProject\_PythonML\MidiGAN\melodies\battle\MK2Battle_Plan.mid",0.4392
"F:\AlphaProject\_PythonML\MidiGAN\melodies\battle\MKR_Boss_Xg.mid",0.1204
"F:\AlphaProject\_PythonML\MidiGAN\melodies\battle\MKR_Missing_Colors_Battle_Arr_Xg.mid",0.2274
"F:\AlphaProject\_PythonML\MidiGAN\melodies\battle\Ml2wario.mid",0.143
"F:\AlphaProject\_PythonML\MidiGAN\melodies\battle\MM8_Boss_V1_3.mid",0.08333
"F:\AlphaProject\_PythonML\MidiGAN\melodies\battle\MML2_Bola_Battle.mid",0.0549
"F:\AlphaProject\_PythonML\MidiGAN\melodies\battle\final_fantasy_battle.mid",0.1316
"F:\AlphaProject\_PythonML\MidiGAN\melodies\battle\do1_lbt.mid",0.3146
"F:\AlphaProject\_PythonML\MidiGAN\melodies\battle\MML2_Klaymore_Battle.mid",0.08309
"F:\AlphaProject\_PythonML\MidiGAN\melodies\battle\FF5_b16.mid",0.4537
"F:\AlphaProject\_PythonML\MidiGAN\melodies\battle\7sboss.mid",0.1482
"F:\AlphaProject\_PythonML\MidiGAN\melodies\battle\do2_bt.mid",0.313
"F:\AlphaProject\_PythonML\MidiGAN\melodies\battle\ffl3_bt2.mid",0.145
"F:\AlphaProject\_PythonML\MidiGAN\melodies\battle\FF5_battl.mid",0.1866
"F:\AlphaProject\_PythonML\MidiGAN\melodies\battle\fm3_final.mid",0.4495
"F:\AlphaProject\_PythonML\MidiGAN\melodies\battle\gb1.mid",0.6738
"F:\AlphaProject\_PythonML\MidiGAN\melodies\battle\b2-batl.mid",0.5377
"F:\AlphaProject\_PythonML\MidiGAN\melodies\battle\ff1battl.mid",0.2991
"F:\AlphaProject\_PythonML\MidiGAN\melodies\battle\Mnbossbt.mid",0.09643
"F:\AlphaProject\_PythonML\MidiGAN\melodies\battle\Btcvbtl1.mid",0.2854
"F:\AlphaProject\_PythonML\MidiGAN\melodies\battle\ffaboss.mid",0.2347
"F:\AlphaProject\_PythonML\MidiGAN\melodies\battle\Gbbattle.mid",0.1058
"F:\AlphaProject\_PythonML\MidiGAN\melodies\battle\MML2_Saul_Teasel_Battle.mid",0.1532
"F:\AlphaProject\_PythonML\MidiGAN\melodies\battle\mrpgmajr.mid",0.231
"F:\AlphaProject\_PythonML\MidiGAN\melodies\battle\mw-bat5.mid",0.1108
"F:\AlphaProject\_PythonML\MidiGAN\melodies\battle\BL_ghgs_battle.mid",0.1475
"F:\AlphaProject\_PythonML\MidiGAN\melodies\battle\mwbattle.mid",0.316
"F:\AlphaProject\_PythonML\MidiGAN\melodies\battle\bof3Garr.mid",0.2928
"F:\AlphaProject\_PythonML\MidiGAN\melodies\battle\MML2_Train_Battle.mid",0.2709
"F:\AlphaProject\_PythonML\MidiGAN\melodies\battle\MMX5_Boss-KM.mid",0.08374
"F:\AlphaProject\_PythonML\MidiGAN\melodies\battle\mmx5_maverickbat.mid",0.2298
"F:\AlphaProject\_PythonML\MidiGAN\melodies\battle\MMX5_Sigma_1st-KM.mid",0.2115
"F:\AlphaProject\_PythonML\MidiGAN\melodies\battle\mmx5_sigmafinal.mid",0.1027
"F:\AlphaProject\_PythonML\MidiGAN\melodies\battle\NECBAT.mid",0.2341
"F:\AlphaProject\_PythonML\MidiGAN\melodies\battle\pebat.mid",0.3255
"F:\AlphaProject\_PythonML\MidiGAN\melodies\battle\doubletrouble2.mid",0.3563
"F:\AlphaProject\_PythonML\MidiGAN\melodies\battle\ffl1_bt.mid",0.1965
"F:\AlphaProject\_PythonML\MidiGAN\melodies\battle\MMX6_Sigma_1st-KM.mid",0.2055
"F:\AlphaProject\_PythonML\MidiGAN\melodies\battle\bm64sirius_2.mid",1.47
"F:\AlphaProject\_PythonML\MidiGAN\melodies\battle\mmx6sigmabattle1.mid",0.1218
"F:\AlphaProject\_PythonML\MidiGAN\melodies\battle\pk2orch.mid",0.1633
"F:\AlphaProject\_PythonML\MidiGAN\melodies\battle\ff2dread.mid",0.3164
"F:\AlphaProject\_PythonML\MidiGAN\melodies\battle\Ghosts_N_Goblins-Duel.mid",0.2916
"F:\AlphaProject\_PythonML\MidiGAN\melodies\battle\monstania_battle.mid",0.4795
"F:\AlphaProject\_PythonML\MidiGAN\melodies\battle\pkgslead.mid",0.138
"F:\AlphaProject\_PythonML\MidiGAN\melodies\battle\ffalb.mid",0.1234
"F:\AlphaProject\_PythonML\MidiGAN\melodies\battle\Final_Fantasy_II_-_Battle.mid",0.146
"F:\AlphaProject\_PythonML\MidiGAN\melodies\battle\pokeorch.mid",0.1135
"F:\AlphaProject\_PythonML\MidiGAN\melodies\battle\dw2battle.mid",0.2115
"F:\AlphaProject\_PythonML\MidiGAN\melodies\battle\MotherBrainremix.mid",0.09375
"F:\AlphaProject\_PythonML\MidiGAN\melodies\battle\dw6_battle.mid",0.1574
"F:\AlphaProject\_PythonML\MidiGAN\melodies\battle\MysticArk_Mta_38.mid",0.1559
"F:\AlphaProject\_PythonML\MidiGAN\melodies\battle\Pkmnboss.mid",0.1891
"F:\AlphaProject\_PythonML\MidiGAN\melodies\battle\ChronoTrigger_FinalBattle.mid",0.1817
"F:\AlphaProject\_PythonML\MidiGAN\melodies\battle\Neclord_Battle.mid",0.1892
"F:\AlphaProject\_PythonML\MidiGAN\melodies\battle\nekkestukd-bg7.mid",0.1245
"F:\AlphaProject\_PythonML\MidiGAN\melodies\battle\Night_Queen_by_fakt13.mid",0.2769
"F:\AlphaProject\_PythonML\MidiGAN\melodies\battle\pq1_bt2.mid",0.07429
"F:\AlphaProject\_PythonML\MidiGAN\melodies\battle\ff3jlbos.mid",0.2425
"F:\AlphaProject\_PythonML\MidiGAN\melodies\battle\NES__Samurai_Zombie_Nation__Boss_Battle_3.mid",0.1339
"F:\AlphaProject\_PythonML\MidiGAN\melodies\battle\odysselya2_bbt1.mid",0.5446
"F:\AlphaProject\_PythonML\MidiGAN\melodies\battle\odysselya2_bt1.mid",0.1509
"F:\AlphaProject\_PythonML\MidiGAN\melodies\battle\FF1_Battle.mid",0.179
"F:\AlphaProject\_PythonML\MidiGAN\melodies\battle\OgreBattle_Walls.mid",0.09016
"F:\AlphaProject\_PythonML\MidiGAN\melodies\battle\rattle.mid",0.1382
"F:\AlphaProject\_PythonML\MidiGAN\melodies\battle\FF8_Battle_Music.mid",0.6319
"F:\AlphaProject\_PythonML\MidiGAN\melodies\battle\OLfantzoneboss.mid",0.1016
"F:\AlphaProject\_PythonML\MidiGAN\melodies\battle\Arc_the_Lad_3-Battle_4.mid",0.2104
"F:\AlphaProject\_PythonML\MidiGAN\melodies\battle\Battle_2_(Ver._X.X).mid",0.2133
"F:\AlphaProject\_PythonML\MidiGAN\melodies\battle\OLfantzoneopaopa.mid",0.2546
"F:\AlphaProject\_PythonML\MidiGAN\melodies\battle\OLlaserbattle.mid",0.1276
"F:\AlphaProject\_PythonML\MidiGAN\melodies\battle\rmplace.mid",0.3759
"F:\AlphaProject\_PythonML\MidiGAN\melodies\battle\Dragonballz3-Battletheme4.mid",0.1361
"F:\AlphaProject\_PythonML\MidiGAN\melodies\battle\Pandora_Battle_by_fakt13.mid",0.4269
"F:\AlphaProject\_PythonML\MidiGAN\melodies\battle\Paperminiboss.mid",0.152
"F:\AlphaProject\_PythonML\MidiGAN\melodies\battle\rs1_bt2.mid",0.4611
"F:\AlphaProject\_PythonML\MidiGAN\melodies\battle\Boss_(bad_timing).mid",0.4997
"F:\AlphaProject\_PythonML\MidiGAN\melodies\battle\CTdemobattle.mid",0.4754
"F:\AlphaProject\_PythonML\MidiGAN\melodies\battle\bowser_1.mid",0.3209
"F:\AlphaProject\_PythonML\MidiGAN\melodies\battle\Patlabor_Tr15.mid",0.2038
"F:\AlphaProject\_PythonML\MidiGAN\melodies\battle\Persona_1_Awakening_Battle_by_fakt13.mid",0.1005
"F:\AlphaProject\_PythonML\MidiGAN\melodies\battle\Persona_2_EP_Battle_by_fakt13.mid",0.2999
"F:\AlphaProject\_PythonML\MidiGAN\melodies\battle\Persona_2_Final_Battle_by_fakt13.mid",0.1321
"F:\AlphaProject\_PythonML\MidiGAN\melodies\battle\rs1_lbt.mid",0.1942
"F:\AlphaProject\_PythonML\MidiGAN\melodies\battle\CB_-_The_Final_Battle.mid",0.192
"F:\AlphaProject\_PythonML\MidiGAN\melodies\battle\Dharmanyo2.mid",0.1278
"F:\AlphaProject\_PythonML\MidiGAN\melodies\battle\PkmGS-Battle1.mid",0.1881
"F:\AlphaProject\_PythonML\MidiGAN\melodies\battle\PkmGS-Battle2.mid",0.4278
"F:\AlphaProject\_PythonML\MidiGAN\melodies\battle\ppggbcs1b.mid",0.1814
"F:\AlphaProject\_PythonML\MidiGAN\melodies\battle\Finalbatt-V1.2.mid",0.2321
"F:\AlphaProject\_PythonML\MidiGAN\melodies\battle\F91bttl1.mid",0.1125
"F:\AlphaProject\_PythonML\MidiGAN\melodies\battle\Bof3boss.mid",0.3677
"F:\AlphaProject\_PythonML\MidiGAN\melodies\battle\PkmGS-Battle3.mid",0.2242
"F:\AlphaProject\_PythonML\MidiGAN\melodies\battle\PkmGS-Battle4.mid",0.2183
"F:\AlphaProject\_PythonML\MidiGAN\melodies\battle\PkmGS-Battle5.mid",0.2852
"F:\AlphaProject\_PythonML\MidiGAN\melodies\battle\PkmGS-Battle6.mid",0.251
"F:\AlphaProject\_PythonML\MidiGAN\melodies\battle\PkmGS-Battle7.mid",0.1253
"F:\AlphaProject\_PythonML\MidiGAN\melodies\battle\ebfinalbattle.mid",0.4813
"F:\AlphaProject\_PythonML\MidiGAN\melodies\battle\AdventuresofArle_BattleTheme.mid",1.307
"F:\AlphaProject\_PythonML\MidiGAN\melodies\battle\FinalFantasyMQ_FinalBattle.mid",0.547
"F:\AlphaProject\_PythonML\MidiGAN\melodies\battle\PkmGS-Battle8.mid",0.1703
"F:\AlphaProject\_PythonML\MidiGAN\melodies\battle\ppggbcs2b.mid",0.186
"F:\AlphaProject\_PythonML\MidiGAN\melodies\battle\BodyHarvestBattleTheme.mid",0.1159
"F:\AlphaProject\_PythonML\MidiGAN\melodies\battle\PkmGS-Battle9.mid",0.1011
"F:\AlphaProject\_PythonML\MidiGAN\melodies\battle\rs2final.mid",0.5709
"F:\AlphaProject\_PythonML\MidiGAN\melodies\battle\Final_Battle.mid",0.1681
"F:\AlphaProject\_PythonML\MidiGAN\melodies\battle\PKMN_-_ChampionBattle.mid",0.1012
"F:\AlphaProject\_PythonML\MidiGAN\melodies\battle\BLEFConflict.mid",0.3507
"F:\AlphaProject\_PythonML\MidiGAN\melodies\battle\PKMN_CRYSTAL_ASH.mid",0.2422
"F:\AlphaProject\_PythonML\MidiGAN\melodies\battle\PKMN_ST_Mewtwo_Battle.mid",0.124
"F:\AlphaProject\_PythonML\MidiGAN\melodies\battle\BattleMode.mid",0.4235
"F:\AlphaProject\_PythonML\MidiGAN\melodies\battle\PkmRB-Battle1.mid",0.1352
"F:\AlphaProject\_PythonML\MidiGAN\melodies\battle\Congo.mid",1.803
"F:\AlphaProject\_PythonML\MidiGAN\melodies\battle\PKMN_GS_LancePKMN_Trainer_Red.mid",0.1852
"F:\AlphaProject\_PythonML\MidiGAN\melodies\battle\DV_-_Field_Battle.mid",0.3324
"F:\AlphaProject\_PythonML\MidiGAN\melodies\battle\PKMNTCG2_-_GreatRocketBattle.mid",0.2567
"F:\AlphaProject\_PythonML\MidiGAN\melodies\battle\PKMNTCG2_-_GreatRocketLeaderBattle.mid",0.158
"F:\AlphaProject\_PythonML\MidiGAN\melodies\battle\PM_Crystal_King-KM.mid",0.09857
"F:\AlphaProject\_PythonML\MidiGAN\melodies\battle\PM64TubbaBlub.mid",0.1899
"F:\AlphaProject\_PythonML\MidiGAN\melodies\battle\ppggbcs3b.mid",0.1898
"F:\AlphaProject\_PythonML\MidiGAN\melodies\battle\Dharmanyo.mid",0.3155
"F:\AlphaProject\_PythonML\MidiGAN\melodies\battle\GanondorfBattle.mid",0.1778
"F:\AlphaProject\_PythonML\MidiGAN\melodies\battle\PM64TutKoopa.mid",0.2169
"F:\AlphaProject\_PythonML\MidiGAN\melodies\battle\PMHuffNPuffv1-1.mid",0.1639
"F:\AlphaProject\_PythonML\MidiGAN\melodies\battle\pokegymlorch.mid",0.1539
"F:\AlphaProject\_PythonML\MidiGAN\melodies\battle\Pokemon_GS.mid",0.2188
"F:\AlphaProject\_PythonML\MidiGAN\melodies\battle\DV_-_Field_Battle_Arr.mid",0.1273
"F:\AlphaProject\_PythonML\MidiGAN\melodies\battle\Pokemon_Puzzle_League_Team_Rocket.mid",0.4193
"F:\AlphaProject\_PythonML\MidiGAN\melodies\battle\ppggbcs4b.mid",0.1773
"F:\AlphaProject\_PythonML\MidiGAN\melodies\battle\ppggbcs5b.mid",0.1474
"F:\AlphaProject\_PythonML\MidiGAN\melodies\battle\rsaga203.mid",0.04808
"F:\AlphaProject\_PythonML\MidiGAN\melodies\battle\7sbattle1.mid",0.1884
"F:\AlphaProject\_PythonML\MidiGAN\melodies\battle\ps4_vehicle_battle.mid",0.1132
"F:\AlphaProject\_PythonML\MidiGAN\melodies\battle\ps4battle.mid",0.151
"F:\AlphaProject\_PythonML\MidiGAN\melodies\battle\PS4-KingOfTerrors.mid",0.2657
"F:\AlphaProject\_PythonML\MidiGAN\melodies\battle\rfbossbattle.mid",0.3143
"F:\AlphaProject\_PythonML\MidiGAN\melodies\battle\Rayman_Skops_Battle.mid",0.2436
"F:\AlphaProject\_PythonML\MidiGAN\melodies\battle\Gbboss.mid",0.1976
"F:\AlphaProject\_PythonML\MidiGAN\melodies\battle\Resident_Evil_2_Mr_X_2.mid",0.1755
"F:\AlphaProject\_PythonML\MidiGAN\melodies\battle\Ristar-Boss1.mid",0.118
"F:\AlphaProject\_PythonML\MidiGAN\melodies\battle\dr._wily.mid",0.3381
"F:\AlphaProject\_PythonML\MidiGAN\melodies\battle\rivaltrainer.mid",0.5183
"F:\AlphaProject\_PythonML\MidiGAN\melodies\battle\rivaltrainer2.mid",0.2477
"F:\AlphaProject\_PythonML\MidiGAN\melodies\battle\RK-MugsyBattle.mid",0.165
"F:\AlphaProject\_PythonML\MidiGAN\melodies\battle\RomancingSaga3_bat1.mid",0.2419
"F:\AlphaProject\_PythonML\MidiGAN\melodies\battle\RomancingSaga3_bat2.mid",0.1808
"F:\AlphaProject\_PythonML\MidiGAN\melodies\battle\rs3nobledevils2.mid",0.1158
"F:\AlphaProject\_PythonML\MidiGAN\melodies\battle\FFL_Boss.mid",0.2175
"F:\AlphaProject\_PythonML\MidiGAN\melodies\battle\fflcreat.mid",0.1216
"F:\AlphaProject\_PythonML\MidiGAN\melodies\battle\rudora_battle.mid",0.1847
"F:\AlphaProject\_PythonML\MidiGAN\melodies\battle\ffmqboss.mid",0.1552
"F:\AlphaProject\_PythonML\MidiGAN\melodies\battle\15-BattleIntro.mid",0.3381
"F:\AlphaProject\_PythonML\MidiGAN\melodies\battle\bofboss.mid",0.2046
"F:\AlphaProject\_PythonML\MidiGAN\melodies\battle\hm-mml2mandatron.mid",0.1257
"F:\AlphaProject\_PythonML\MidiGAN\melodies\battle\fe5-attack.mid",0.1489
"F:\AlphaProject\_PythonML\MidiGAN\melodies\battle\ctboss2.mid",0.2284
"F:\AlphaProject\_PythonML\MidiGAN\melodies\battle\Grandia_-_Battle_3.mid",0.3637
"F:\AlphaProject\_PythonML\MidiGAN\melodies\battle\B1L_mk64_battleresult.mid",0.134
"F:\AlphaProject\_PythonML\MidiGAN\melodies\battle\DQ7battle3.mid",0.2032
"F:\AlphaProject\_PythonML\MidiGAN\melodies\battle\hm-vffinal.mid",0.0646
"F:\AlphaProject\_PythonML\MidiGAN\melodies\battle\fe5-attack-heavy.mid",0.3346
"F:\AlphaProject\_PythonML\MidiGAN\melodies\battle\7thsaga_bt2_w.mid",0.1606
"F:\AlphaProject\_PythonML\MidiGAN\melodies\battle\Freeze_v2.mid",0.1543
"F:\AlphaProject\_PythonML\MidiGAN\melodies\battle\ForceSolo3.mid",0.06818
"F:\AlphaProject\_PythonML\MidiGAN\melodies\battle\Enemy3.mid",0.135
"F:\AlphaProject\_PythonML\MidiGAN\melodies\battle\bub-boss.mid",0.08799
"F:\AlphaProject\_PythonML\MidiGAN\melodies\battle\CBGiygasint.mid",0.3283
"F:\AlphaProject\_PythonML\MidiGAN\melodies\battle\Btbtltr.mid",0.1529
"F:\AlphaProject\_PythonML\MidiGAN\melodies\battle\GS_Rivial.mid",0.2482
"F:\AlphaProject\_PythonML\MidiGAN\melodies\battle\BL_ed_dungeonbattle.mid",0.09869
"F:\AlphaProject\_PythonML\MidiGAN\melodies\battle\ADFV_-_Battle_Theme.mid",0.141
"F:\AlphaProject\_PythonML\MidiGAN\melodies\battle\BoF3-BossBattle_XG.mid",0.3384
"F:\AlphaProject\_PythonML\MidiGAN\melodies\battle\eb_miniboss.mid",0.44
"F:\AlphaProject\_PythonML\MidiGAN\melodies\battle\akkadias.mid",0.6858
"F:\AlphaProject\_PythonML\MidiGAN\melodies\battle\ff3jboss.mid",0.2008
"F:\AlphaProject\_PythonML\MidiGAN\melodies\battle\hercules4_bt.mid",0.2414
"F:\AlphaProject\_PythonML\MidiGAN\melodies\battle\bofbattle.mid",0.2315
"F:\AlphaProject\_PythonML\MidiGAN\melodies\battle\Arc4.mid",0.2168
"F:\AlphaProject\_PythonML\MidiGAN\melodies\battle\Btas_bb3.mid",0.1935
"F:\AlphaProject\_PythonML\MidiGAN\melodies\battle\ff9_bb.mid",0.2826
"F:\AlphaProject\_PythonML\MidiGAN\melodies\battle\csgstg1.mid",0.147
"F:\AlphaProject\_PythonML\MidiGAN\melodies\battle\BL_fls_boss.mid",0.1581
"F:\AlphaProject\_PythonML\MidiGAN\melodies\battle\7sbattle2.mid",0.1513
"F:\AlphaProject\_PythonML\MidiGAN\melodies\battle\archon_battle.mid",0.1
"F:\AlphaProject\_PythonML\MidiGAN\melodies\battle\ff6atma5.mid",0.08727
"F:\AlphaProject\_PythonML\MidiGAN\melodies\battle\ff9_-_Last_Battle.mid",0.9755
"F:\AlphaProject\_PythonML\MidiGAN\melodies\battle\bossbatt-V1.1.mid",0.2835
"F:\AlphaProject\_PythonML\MidiGAN\melodies\battle\FrontMission_Final_Battle.mid",1.07
"F:\AlphaProject\_PythonML\MidiGAN\melodies\battle\30-FortressBattle.mid",0.1245
"F:\AlphaProject\_PythonML\MidiGAN\melodies\battle\7batldun.mid",0.1939
"F:\AlphaProject\_PythonML\MidiGAN\melodies\battle\FFL3Finalboss.mid",0.1961
"F:\AlphaProject\_PythonML\MidiGAN\melodies\battle\7thsaga_dbt.mid",0.196
"F:\AlphaProject\_PythonML\MidiGAN\melodies\battle\fe4battle1.mid",0.5272
"F:\AlphaProject\_PythonML\MidiGAN\melodies\battle\Battle.mid",0.1714
"F:\AlphaProject\_PythonML\MidiGAN\melodies\battle\GS_trainer.mid",0.1064
"F:\AlphaProject\_PythonML\MidiGAN\melodies\battle\da_KSS_RPG-battle.mid",0.1093
"F:\AlphaProject\_PythonML\MidiGAN\melodies\battle\actraiser_boss_battle_3.mid",0.1184
"F:\AlphaProject\_PythonML\MidiGAN\melodies\battle\BoF2Devn.mid",0.4357
"F:\AlphaProject\_PythonML\MidiGAN\melodies\battle\(RnH)_Battle_of_the_Last_Enemy_-_In_the_Mirror.mid",0.3267
"F:\AlphaProject\_PythonML\MidiGAN\melodies\battle\GQBattle-V1.1.mid",0.1204
"F:\AlphaProject\_PythonML\MidiGAN\melodies\battle\Battle_in_the_Sky.mid",0.892
"F:\AlphaProject\_PythonML\MidiGAN\melodies\battle\Boss_Battle_(Ver._X.X).mid",0.3286
"F:\AlphaProject\_PythonML\MidiGAN\melodies\battle\(MyriaFt).mid",0.1582
"F:\AlphaProject\_PythonML\MidiGAN\melodies\battle\eternia.mid",0.1191
"F:\AlphaProject\_PythonML\MidiGAN\melodies\battle\Freeza_bat.mid",0.3903
"F:\AlphaProject\_PythonML\MidiGAN\melodies\battle\Freeza_Battle_(Ver._X.X).mid",0.1574
"F:\AlphaProject\_PythonML\MidiGAN\melodies\battle\alpha-grandiabattle1.mid",0.48
"F:\AlphaProject\_PythonML\MidiGAN\melodies\battle\CastleVania-_Illusions.mid",0.3362
"F:\AlphaProject\_PythonML\MidiGAN\melodies\battle\29-SigmaBattle2.mid",0.8973
"F:\AlphaProject\_PythonML\MidiGAN\melodies\battle\Btowbtl1.mid",0.3751
"F:\AlphaProject\_PythonML\MidiGAN\melodies\battle\(RnH)_Battle_of_the_Last_Enemy_-_Evolution.mid",0.1859
"F:\AlphaProject\_PythonML\MidiGAN\melodies\battle\BL_sb_deathtoll.mid",0.09015
"F:\AlphaProject\_PythonML\MidiGAN\melodies\battle\Contra_Boss_Battle.mid",0.225
"F:\AlphaProject\_PythonML\MidiGAN\melodies\battle\Earth_Bound_Zero_Nightmare_Battle_v3.mid",0.2488
"F:\AlphaProject\_PythonML\MidiGAN\melodies\battle\dbz3_-_battle_theme_2.mid",0.1163
"F:\AlphaProject\_PythonML\MidiGAN\melodies\battle\Bombbatt.mid",0.153
"F:\AlphaProject\_PythonML\MidiGAN\melodies\battle\BattleTheme2.mid",0.1101
"F:\AlphaProject\_PythonML\MidiGAN\melodies\battle\fftattack.mid",0.4856
"F:\AlphaProject\_PythonML\MidiGAN\melodies\battle\fft_211.mid",0.4137
"F:\AlphaProject\_PythonML\MidiGAN\melodies\battle\EasyBattle2.mid",0.2837
"F:\AlphaProject\_PythonML\MidiGAN\melodies\battle\actraiser_boss_battle_1.mid",0.1245
"F:\AlphaProject\_PythonML\MidiGAN\melodies\battle\dhnessus.mid",0.1896
"F:\AlphaProject\_PythonML\MidiGAN\melodies\battle\Arc_the_Lad_3-Battle_4_Proteus.mid",0.2036
"F:\AlphaProject\_PythonML\MidiGAN\melodies\battle\combatribes-lvl6.mid",0.1741
"F:\AlphaProject\_PythonML\MidiGAN\melodies\battle\finalbout.mid",0.3769
"F:\AlphaProject\_PythonML\MidiGAN\melodies\battle\ffmqbatl.mid",0.1814
"F:\AlphaProject\_PythonML\MidiGAN\melodies\battle\b2batl2.mid",0.6675
"F:\AlphaProject\_PythonML\MidiGAN\melodies\battle\CBvile.mid",0.2376
"F:\AlphaProject\_PythonML\MidiGAN\melodies\battle\Arc4-sc.mid",0.3592
"F:\AlphaProject\_PythonML\MidiGAN\melodies\battle\Btcvbtl2.mid",0.1589
"F:\AlphaProject\_PythonML\MidiGAN\melodies\battle\Battle (2).mid",0.204
"F:\AlphaProject\_PythonML\MidiGAN\melodies\battle\ebhippie.mid",0.1412
"F:\AlphaProject\_PythonML\MidiGAN\melodies\battle\fft_unavoidable.mid",0.6473
"F:\AlphaProject\_PythonML\MidiGAN\melodies\battle\Better_Nara_and_Mara_DQ4_Battle_Theme.mid",0.1138
"F:\AlphaProject\_PythonML\MidiGAN\melodies\battle\13-MM3Boss.mid",0.204
"F:\AlphaProject\_PythonML\MidiGAN\melodies\battle\Btcave1.mid",1.388
"F:\AlphaProject\_PythonML\MidiGAN\melodies\battle\ff7_boss.mid",0.2246
"F:\AlphaProject\_PythonML\MidiGAN\melodies\battle\ffl1_bt1.mid",0.251
"F:\AlphaProject\_PythonML\MidiGAN\melodies\battle\Brawl-Nicked-RetroHippie.mid",0.1905
"F:\AlphaProject\_PythonML\MidiGAN\melodies\battle\hm-vfboss.mid",0.06173
"F:\AlphaProject\_PythonML\MidiGAN\melodies\battle\Gameboy__Grandia_Parallel_Trippers__Regular_Battle.mid",0.189
"F:\AlphaProject\_PythonML\MidiGAN\melodies\battle\AR-MM8BattleIntro.mid",0.1731
"F:\AlphaProject\_PythonML\MidiGAN\melodies\battle\CVL-Boss5.mid",0.1555
"F:\AlphaProject\_PythonML\MidiGAN\melodies\battle\at-zero.mid",0.08364
"F:\AlphaProject\_PythonML\MidiGAN\melodies\battle\do1_bbt.mid",0.2197
"F:\AlphaProject\_PythonML\MidiGAN\melodies\battle\Fftultim.mid",0.1165
"F:\AlphaProject\_PythonML\MidiGAN\melodies\battle\FIELD.mid",0.2014
"F:\AlphaProject\_PythonML\MidiGAN\melodies\battle\ff3jbatt.mid",0.3152
"F:\AlphaProject\_PythonML\MidiGAN\melodies\battle\arcana-final.mid",0.3751
"F:\AlphaProject\_PythonML\MidiGAN\melodies\battle\Battle_1_(Ver._X.X).mid",0.1911
"F:\AlphaProject\_PythonML\MidiGAN\melodies\battle\doubletrouble.mid",0.7009
"F:\AlphaProject\_PythonML\MidiGAN\melodies\battle\eb_ysb.mid",0.3775
"F:\AlphaProject\_PythonML\MidiGAN\melodies\battle\FillipiantFoe.mid",0.2912
"F:\AlphaProject\_PythonML\MidiGAN\melodies\battle\FinalFantasy2_Final.mid",0.1315
"F:\AlphaProject\_PythonML\MidiGAN\melodies\battle\gilgawoodwind.mid",0.1655
"F:\AlphaProject\_PythonML\MidiGAN\melodies\battle\CVBR_-_Evil_Gods.mid",0.1239
"F:\AlphaProject\_PythonML\MidiGAN\melodies\battle\7thsaga_bt2.mid",0.352
"F:\AlphaProject\_PythonML\MidiGAN\melodies\battle\F91btl12.mid",0.1155
"F:\AlphaProject\_PythonML\MidiGAN\melodies\battle\Bof3boss2.mid",0.5597
"F:\AlphaProject\_PythonML\MidiGAN\melodies\battle\ff2jbatl.mid",0.2595
"F:\AlphaProject\_PythonML\MidiGAN\melodies\battle\FFMQ_Final_Battle.mid",0.4313
"F:\AlphaProject\_PythonML\MidiGAN\melodies\battle\Final_Fantasy_-_Battle.mid",0.1941
"F:\AlphaProject\_PythonML\MidiGAN\melodies\battle\FF6_The_Fierce_Battle_Xg.mid",0.09036
"F:\AlphaProject\_PythonML\MidiGAN\melodies\battle\dbz2_-_battle_theme_1.mid",0.1055
"F:\AlphaProject\_PythonML\MidiGAN\melodies\battle\arc3bat2.mid",0.39
"F:\AlphaProject\_PythonML\MidiGAN\melodies\battle\Blue_Oak_Champion_Battle.mid",0.09642
"F:\AlphaProject\_PythonML\MidiGAN\melodies\battle\chaosworldboss.mid",0.1858
"F:\AlphaProject\_PythonML\MidiGAN\melodies\battle\FF5_big.mid",0.05988
"F:\AlphaProject\_PythonML\MidiGAN\melodies\battle\ffl3_bt1.mid",0.1776
"F:\AlphaProject\_PythonML\MidiGAN\melodies\battle\gg.mid",0.2788
"F:\AlphaProject\_PythonML\MidiGAN\melodies\battle\DeDeDe_Modified.mid",0.1764
"F:\AlphaProject\_PythonML\MidiGAN\melodies\battle\Gb2fight.mid",0.1326
"F:\AlphaProject\_PythonML\MidiGAN\melodies\battle\Btas_bb1.mid",0.1928
"F:\AlphaProject\_PythonML\MidiGAN\melodies\battle\Btbosbtl.mid",0.183
"F:\AlphaProject\_PythonML\MidiGAN\melodies\battle\BossBattle.mid",0.342
"F:\AlphaProject\_PythonML\MidiGAN\melodies\battle\decisive.mid",0.1979
"F:\AlphaProject\_PythonML\MidiGAN\melodies\battle\Drrfinal.mid",0.1218
"F:\AlphaProject\_PythonML\MidiGAN\melodies\battle\BL_ct_timetorestafterthebattle.mid",0.125
"F:\AlphaProject\_PythonML\MidiGAN\melodies\battle\20-BattleTheme.mid",0.1787
"F:\AlphaProject\_PythonML\MidiGAN\melodies\battle\b2bbatle.mid",0.945
"F:\AlphaProject\_PythonML\MidiGAN\melodies\battle\FF7_Battle_Techno.mid",0.2793
"F:\AlphaProject\_PythonML\MidiGAN\melodies\battle\ctbattle.mid",0.2676
"F:\AlphaProject\_PythonML\MidiGAN\melodies\battle\A_ganon.mid",0.2591
"F:\AlphaProject\_PythonML\MidiGAN\melodies\battle\Ffmqbttl.mid",0.2082
"F:\AlphaProject\_PythonML\MidiGAN\melodies\battle\Battle_Entry-Concentration.mid",0.2147
"F:\AlphaProject\_PythonML\MidiGAN\melodies\battle\ff2bsbtl.mid",0.3412
"F:\AlphaProject\_PythonML\MidiGAN\melodies\battle\demonbreath.mid",0.1932
"F:\AlphaProject\_PythonML\MidiGAN\melodies\battle\dd2-mission3.mid",0.2677
"F:\AlphaProject\_PythonML\MidiGAN\melodies\battle\Btas_bb2.mid",0.1034
"F:\AlphaProject\_PythonML\MidiGAN\melodies\battle\dw3_bt1.mid",0.1666
"F:\AlphaProject\_PythonML\MidiGAN\melodies\battle\FF5_ExdeathBattle.mid",0.7541
"F:\AlphaProject\_PythonML\MidiGAN\melodies\battle\DK64_Battle_Arena-KM.mid",0.1659
"F:\AlphaProject\_PythonML\MidiGAN\melodies\battle\ff7batt.mid",0.234
"F:\AlphaProject\_PythonML\MidiGAN\melodies\battle\Arc_the_Lad_3-Battle_4_X5DR.mid",0.2335
"F:\AlphaProject\_PythonML\MidiGAN\melodies\battle\B1L_sbm2_battle2.mid",0.1093
"F:\AlphaProject\_PythonML\MidiGAN\melodies\battle\GA2Boss1.mid",0.2791
"F:\AlphaProject\_PythonML\MidiGAN\melodies\battle\FF5_boss1.mid",0.4289
"F:\AlphaProject\_PythonML\MidiGAN\melodies\battle\bossbatt.mid",0.21
"F:\AlphaProject\_PythonML\MidiGAN\melodies\battle\Btowbtl3.mid",0.1477
"F:\AlphaProject\_PythonML\MidiGAN\melodies\battle\demonofdarkness.mid",0.2687
"F:\AlphaProject\_PythonML\MidiGAN\melodies\battle\fftdortertrade.mid",0.1142
"F:\AlphaProject\_PythonML\MidiGAN\melodies\battle\Ff8bos88.mid",0.1155
"F:\AlphaProject\_PythonML\MidiGAN\melodies\battle\dbth-destined.mid",0.2054
"F:\AlphaProject\_PythonML\MidiGAN\melodies\battle\FF5_final.mid",0.4331
"F:\AlphaProject\_PythonML\MidiGAN\melodies\battle\(FwolfBtl).mid",0.126
"F:\AlphaProject\_PythonML\MidiGAN\melodies\battle\rudora_damned.mid",0.1454
"F:\AlphaProject\_PythonML\MidiGAN\melodies\battle\S_onoxb.mid",0.24
"F:\AlphaProject\_PythonML\MidiGAN\melodies\battle\s2divecorner.mid",0.3588
"F:\AlphaProject\_PythonML\MidiGAN\melodies\battle\SaGa_Frontier-Asellus_Final_Battle.mid",0.5078
"F:\AlphaProject\_PythonML\MidiGAN\melodies\battle\sagafr.mid",0.3237
"F:\AlphaProject\_PythonML\MidiGAN\melodies\battle\SailorMoonR_esmerude.mid",0.2247
"F:\AlphaProject\_PythonML\MidiGAN\melodies\battle\sarlac.mid",0.2606
"F:\AlphaProject\_PythonML\MidiGAN\melodies\battle\SB5_Boss.mid",0.1059
"F:\AlphaProject\_PythonML\MidiGAN\melodies\battle\SBM5Battle2.mid",0.2093
"F:\AlphaProject\_PythonML\MidiGAN\melodies\battle\SBM5Battle2_critical.mid",0.1718
"F:\AlphaProject\_PythonML\MidiGAN\melodies\battle\sbm-battlemenu.mid",0.1613
"F:\AlphaProject\_PythonML\MidiGAN\melodies\battle\SBomb1-Battle.mid",0.08844
"F:\AlphaProject\_PythonML\MidiGAN\melodies\battle\SBomb2-Menu.mid",0.114
"F:\AlphaProject\_PythonML\MidiGAN\melodies\battle\SBomb3-Battle.mid",0.1123
"F:\AlphaProject\_PythonML\MidiGAN\melodies\battle\SBomb3-Menu1.mid",0.1768
"F:\AlphaProject\_PythonML\MidiGAN\melodies\battle\SBomb4-Battle.mid",0.1779
"F:\AlphaProject\_PythonML\MidiGAN\melodies\battle\sbomberman5battle.mid",0.1173
"F:\AlphaProject\_PythonML\MidiGAN\melodies\battle\SD3boss3.mid",0.4884
"F:\AlphaProject\_PythonML\MidiGAN\melodies\battle\sekhmet.mid",0.2005
"F:\AlphaProject\_PythonML\MidiGAN\melodies\battle\sf64b1.mid",0.2858
"F:\AlphaProject\_PythonML\MidiGAN\melodies\battle\sf64b2.mid",0.2383
"F:\AlphaProject\_PythonML\MidiGAN\melodies\battle\SF64-BossBattles1.mid",0.2779
"F:\AlphaProject\_PythonML\MidiGAN\melodies\battle\sf64versusmode2.mid",0.1165
"F:\AlphaProject\_PythonML\MidiGAN\melodies\battle\ShF1-Battle1.mid",0.5899
"F:\AlphaProject\_PythonML\MidiGAN\melodies\battle\ShF2-Battle3.mid",0.1562
"F:\AlphaProject\_PythonML\MidiGAN\melodies\battle\ShF2-FinalBattle.mid",0.1395
"F:\AlphaProject\_PythonML\MidiGAN\melodies\battle\Shining_in_the_Darkness_Battle_Theme.mid",0.1711
"F:\AlphaProject\_PythonML\MidiGAN\melodies\battle\Shock_of_the_Death_God_-_Major_Boss_Battle.mid",0.689
"F:\AlphaProject\_PythonML\MidiGAN\melodies\battle\SigmaBattle2.mid",0.8702
"F:\AlphaProject\_PythonML\MidiGAN\melodies\battle\sm64Boss.mid",0.123
"F:\AlphaProject\_PythonML\MidiGAN\melodies\battle\smasbattle.mid",0.2799
"F:\AlphaProject\_PythonML\MidiGAN\melodies\battle\SMAS-DemonApsu.mid",0.1238
"F:\AlphaProject\_PythonML\MidiGAN\melodies\battle\SMASoppositio.mid",0.2761
"F:\AlphaProject\_PythonML\MidiGAN\melodies\battle\smb3hbros.mid",0.1285
"F:\AlphaProject\_PythonML\MidiGAN\melodies\battle\Smithy_battle1.mid",0.1316
"F:\AlphaProject\_PythonML\MidiGAN\melodies\battle\Smithyb2.mid",0.1545
"F:\AlphaProject\_PythonML\MidiGAN\melodies\battle\smkbatt.mid",0.2278
"F:\AlphaProject\_PythonML\MidiGAN\melodies\battle\smrpgbattle.mid",0.09714
"F:\AlphaProject\_PythonML\MidiGAN\melodies\battle\smrpgcul.mid",0.3412
"F:\AlphaProject\_PythonML\MidiGAN\melodies\battle\SMT_DMusic.mid",0.4525
"F:\AlphaProject\_PythonML\MidiGAN\melodies\battle\smt2_bbbattarr.mid",0.2969
"F:\AlphaProject\_PythonML\MidiGAN\melodies\battle\smt-bossbttl.mid",0.1079
"F:\AlphaProject\_PythonML\MidiGAN\melodies\battle\SNES_Metal_Max_2_Final_Battle.mid",0.3568
"F:\AlphaProject\_PythonML\MidiGAN\melodies\battle\SNES_Romancing_SaGa_3_Last_Battle.mid",0.3898
"F:\AlphaProject\_PythonML\MidiGAN\melodies\battle\SNES_Toki_Memo_Chief.mid",0.1712
"F:\AlphaProject\_PythonML\MidiGAN\melodies\battle\SO2Battle.mid",0.1809
"F:\AlphaProject\_PythonML\MidiGAN\melodies\battle\sohbatle.mid",0.1204
"F:\AlphaProject\_PythonML\MidiGAN\melodies\battle\Sonic_2_Dr_Robotnick.mid",0.2052
"F:\AlphaProject\_PythonML\MidiGAN\melodies\battle\sots_bt_a.mid",0.1952
"F:\AlphaProject\_PythonML\MidiGAN\melodies\battle\soulreaver.mid",0.2245
"F:\AlphaProject\_PythonML\MidiGAN\melodies\battle\Sparkster_-_BossBattle.mid",0.146
"F:\AlphaProject\_PythonML\MidiGAN\melodies\battle\SSB_EndingPoint.mid",0.1689
"F:\AlphaProject\_PythonML\MidiGAN\melodies\battle\st_ab.mid",0.2641
"F:\AlphaProject\_PythonML\MidiGAN\melodies\battle\STAGE3-2.mid",0.1425
"F:\AlphaProject\_PythonML\MidiGAN\melodies\battle\Star_Wolf_Theme.mid",0.2827
"F:\AlphaProject\_PythonML\MidiGAN\melodies\battle\Starfoxversusmode.mid",0.1303
"F:\AlphaProject\_PythonML\MidiGAN\melodies\battle\StarOcean_forachieve.mid",0.2332
"F:\AlphaProject\_PythonML\MidiGAN\melodies\battle\StarTropics-boss_battle.mid",0.1684
"F:\AlphaProject\_PythonML\MidiGAN\melodies\battle\starwolf.mid",0.2178
"F:\AlphaProject\_PythonML\MidiGAN\melodies\battle\Sthertoth.mid",0.1362
"F:\AlphaProject\_PythonML\MidiGAN\melodies\battle\S-twinrv.mid",0.1587
"F:\AlphaProject\_PythonML\MidiGAN\melodies\battle\Suicune_CrystalVer.mid",0.1707
"F:\AlphaProject\_PythonML\MidiGAN\melodies\battle\Super_Bomberman_1_Boss.mid",0.09549
"F:\AlphaProject\_PythonML\MidiGAN\melodies\battle\Super_Bomberman_2_Battle_Theme_No3.mid",0.08435
"F:\AlphaProject\_PythonML\MidiGAN\melodies\battle\Super_Bomberman_2_Big_Boss.mid",0.1085
"F:\AlphaProject\_PythonML\MidiGAN\melodies\battle\SuperMarioAllStars-SMB3_Boss_Battle.mid",0.2015
"F:\AlphaProject\_PythonML\MidiGAN\melodies\battle\SuperR-Type-Boss.mid",0.1023
"F:\AlphaProject\_PythonML\MidiGAN\melodies\battle\SV-MC_Boss_1-KMv2.mid",0.9648
"F:\AlphaProject\_PythonML\MidiGAN\melodies\battle\SweetHome-Battle1.mid",0.1342
"F:\AlphaProject\_PythonML\MidiGAN\melodies\battle\T_Akumajou_FinalBattle_OrchMix.mid",0.2556
"F:\AlphaProject\_PythonML\MidiGAN\melodies\battle\T_BionicCommando_BossBattle.mid",0.119
"F:\AlphaProject\_PythonML\MidiGAN\melodies\battle\T_BionicCommando_Encounter.mid",0.3168
"F:\AlphaProject\_PythonML\MidiGAN\melodies\battle\T_BionicCommando_EnemyMapBattle.mid",0.2714
"F:\AlphaProject\_PythonML\MidiGAN\melodies\battle\T_CapcomQuiz_1943Theme_Remix.mid",0.1572
"F:\AlphaProject\_PythonML\MidiGAN\melodies\battle\T_GuardianLegend_Shiawase.mid",0.6267
"F:\AlphaProject\_PythonML\MidiGAN\melodies\battle\T_HiryuNoKenIII_BattleTheme1.mid",0.1784
"F:\AlphaProject\_PythonML\MidiGAN\melodies\battle\T_HiryuNoKenIII_BattleTheme2.mid",0.1323
"F:\AlphaProject\_PythonML\MidiGAN\melodies\battle\T_HiryuNoKenOugi_BossBattleTheme.mid",0.3613
"F:\AlphaProject\_PythonML\MidiGAN\melodies\battle\T_RadiaSenki10.mid",0.1198
"F:\AlphaProject\_PythonML\MidiGAN\melodies\battle\T_RomancingSaGa_BattleTheme_SimpleTsuVersion.mid",0.1465
"F:\AlphaProject\_PythonML\MidiGAN\melodies\battle\T_RomancingSaGa_BattleTheme2.mid",0.325
"F:\AlphaProject\_PythonML\MidiGAN\melodies\battle\T_SplatterHouse3_FinalBattleTheme.mid",0.1517
"F:\AlphaProject\_PythonML\MidiGAN\melodies\battle\T_ThunderForce4_Strite_AirBattle.mid",0.08779
"F:\AlphaProject\_PythonML\MidiGAN\melodies\battle\T_ThunderForce4_Strite_AirBattle_Intro.mid",0.05035
"F:\AlphaProject\_PythonML\MidiGAN\melodies\battle\T260g.mid",0.09647
"F:\AlphaProject\_PythonML\MidiGAN\melodies\battle\TA_Koopa_Battle.mid",0.1288
"F:\AlphaProject\_PythonML\MidiGAN\melodies\battle\TalesofDestiny_BaredFangs.mid",0.5387
"F:\AlphaProject\_PythonML\MidiGAN\melodies\battle\TalesofEternia_CelestiaBattle_GM.mid",0.2111
"F:\AlphaProject\_PythonML\MidiGAN\melodies\battle\TalesofEternia_CelestiaBattle_SC88Prov103.mid",0.2079
"F:\AlphaProject\_PythonML\MidiGAN\melodies\battle\TalesofEternia_CelestiaBattle_XG.mid",0.2111
"F:\AlphaProject\_PythonML\MidiGAN\melodies\battle\Talespin_-_Boss.mid",0.1508
"F:\AlphaProject\_PythonML\MidiGAN\melodies\battle\TCG_-_Trainer_Battle_Darkmind_V2.mid",0.2465
"F:\AlphaProject\_PythonML\MidiGAN\melodies\battle\Tenchi_Muyo_-_Background_Music_Battle_2.mid",0.1211
"F:\AlphaProject\_PythonML\MidiGAN\melodies\battle\Tenchi_Muyo_Final_Battle.mid",0.1213
"F:\AlphaProject\_PythonML\MidiGAN\melodies\battle\Tetrisbattlegaiden-Wolfmanbattle.mid",0.3426
"F:\AlphaProject\_PythonML\MidiGAN\melodies\battle\Thimale.mid",0.2935
"F:\AlphaProject\_PythonML\MidiGAN\melodies\battle\TN_DarkGaia.mid",0.274
"F:\AlphaProject\_PythonML\MidiGAN\melodies\battle\TODbatt1.mid",0.7338
"F:\AlphaProject\_PythonML\MidiGAN\melodies\battle\TRONFINA.mid",0.2048
"F:\AlphaProject\_PythonML\MidiGAN\melodies\battle\TTFight.mid",0.1379
"F:\AlphaProject\_PythonML\MidiGAN\melodies\battle\Uematsu-HillofDespairXG.mid",0.9755
"F:\AlphaProject\_PythonML\MidiGAN\melodies\battle\ult3batt.mid",0.111
"F:\AlphaProject\_PythonML\MidiGAN\melodies\battle\vangel2.mid",1.383
"F:\AlphaProject\_PythonML\MidiGAN\melodies\battle\Version_2_Marx.mid",0.2358
"F:\AlphaProject\_PythonML\MidiGAN\melodies\battle\vgCrash3Cortex.mid",0.2213
"F:\AlphaProject\_PythonML\MidiGAN\melodies\battle\vgYs3GalabanFinal.mid",0.2524
"F:\AlphaProject\_PythonML\MidiGAN\melodies\battle\vs_champion_lance_and_trainer_red.mid",0.195
"F:\AlphaProject\_PythonML\MidiGAN\melodies\battle\wa2_lb.mid",0.266
"F:\AlphaProject\_PythonML\MidiGAN\melodies\battle\wa2-02.mid",0.245
"F:\AlphaProject\_PythonML\MidiGAN\melodies\battle\WA2battle.mid",0.2184
"F:\AlphaProject\_PythonML\MidiGAN\melodies\battle\WAdemon.mid",0.1976
"F:\AlphaProject\_PythonML\MidiGAN\melodies\battle\WAmfried.mid",0.3204
"F:\AlphaProject\_PythonML\MidiGAN\melodies\battle\Wario's_Battlefield.mid",0.2594
"F:\AlphaProject\_PythonML\MidiGAN\melodies\battle\warlord.mid",0.1936
"F:\AlphaProject\_PythonML\MidiGAN\melodies\battle\Warsongp.mid",0.07593
"F:\AlphaProject\_PythonML\MidiGAN\melodies\battle\WAtuvai.mid",0.1838
"F:\AlphaProject\_PythonML\MidiGAN\melodies\battle\wildarms2.mid",0.09036
"F:\AlphaProject\_PythonML\MidiGAN\melodies\battle\WildGunsBoss.mid",0.236
"F:\AlphaProject\_PythonML\MidiGAN\melodies\battle\Wily4.mid",0.1701
"F:\AlphaProject\_PythonML\MidiGAN\melodies\battle\WPBattle6XG.mid",0.2398
"F:\AlphaProject\_PythonML\MidiGAN\melodies\battle\ww2final.mid",0.532
"F:\AlphaProject\_PythonML\MidiGAN\melodies\battle\X4Iris.mid",0.2346
"F:\AlphaProject\_PythonML\MidiGAN\melodies\battle\XHunterBattle.mid",0.2523
"F:\AlphaProject\_PythonML\MidiGAN\melodies\battle\XHunterIntro.mid",0.175
"F:\AlphaProject\_PythonML\MidiGAN\melodies\battle\youkai_buster_ruka_no_daibouken_-_boss_battle.mid",0.1315
"F:\AlphaProject\_PythonML\MidiGAN\melodies\battle\YS_Boss_Battle.mid",0.2221
"F:\AlphaProject\_PythonML\MidiGAN\melodies\battle\YS_Bowser_Battle.mid",0.0885
"F:\AlphaProject\_PythonML\MidiGAN\melodies\battle\ys64batt.mid",0.1263
"F:\AlphaProject\_PythonML\MidiGAN\melodies\battle\yuu_yuu_hakusho_japan_-_clowns_theme.mid",0.1651
"F:\AlphaProject\_PythonML\MidiGAN\melodies\battle\z2-batscrm-amix.mid",0.393
"F:\AlphaProject\_PythonML\MidiGAN\melodies\battle\z3ganonbat.mid",0.3129
"F:\AlphaProject\_PythonML\MidiGAN\melodies\battle\Z4boss.mid",0.07429
"F:\AlphaProject\_PythonML\MidiGAN\melodies\battle\Z4BOSS1.mid",0.09819
"F:\AlphaProject\_PythonML\MidiGAN\melodies\battle\Z4boss2.mid",0.1241
"F:\AlphaProject\_PythonML\MidiGAN\melodies\battle\Z4thead.mid",0.1312
"F:\AlphaProject\_PythonML\MidiGAN\melodies\battle\Z64boss1.mid",0.1966
"F:\AlphaProject\_PythonML\MidiGAN\melodies\battle\Zenkusa_-_FFMQ_BossBattle_seq_XG.mid",0.1621
"F:\AlphaProject\_PythonML\MidiGAN\melodies\battle\ZOOT_Boss_Alt.mid",0.1384
