,Average_Note_Duration
"F:\AlphaProject\_PythonML\MidiGAN\gan_results\conv_gan_1.1\battle\midi\run1\run1_epoch100_1.mid",0.01635
"F:\AlphaProject\_PythonML\MidiGAN\gan_results\conv_gan_1.1\battle\midi\run1\run1_epoch100_10.mid",0.02385
"F:\AlphaProject\_PythonML\MidiGAN\gan_results\conv_gan_1.1\battle\midi\run1\run1_epoch100_11.mid",0.02292
"F:\AlphaProject\_PythonML\MidiGAN\gan_results\conv_gan_1.1\battle\midi\run1\run1_epoch100_12.mid",0.02229
"F:\AlphaProject\_PythonML\MidiGAN\gan_results\conv_gan_1.1\battle\midi\run1\run1_epoch100_13.mid",0.01823
"F:\AlphaProject\_PythonML\MidiGAN\gan_results\conv_gan_1.1\battle\midi\run1\run1_epoch100_14.mid",0.01375
"F:\AlphaProject\_PythonML\MidiGAN\gan_results\conv_gan_1.1\battle\midi\run1\run1_epoch100_15.mid",0.01802
"F:\AlphaProject\_PythonML\MidiGAN\gan_results\conv_gan_1.1\battle\midi\run1\run1_epoch100_16.mid",0.01896
"F:\AlphaProject\_PythonML\MidiGAN\gan_results\conv_gan_1.1\battle\midi\run1\run1_epoch100_2.mid",0.01781
"F:\AlphaProject\_PythonML\MidiGAN\gan_results\conv_gan_1.1\battle\midi\run1\run1_epoch100_3.mid",0.0175
"F:\AlphaProject\_PythonML\MidiGAN\gan_results\conv_gan_1.1\battle\midi\run1\run1_epoch100_4.mid",0.02021
"F:\AlphaProject\_PythonML\MidiGAN\gan_results\conv_gan_1.1\battle\midi\run1\run1_epoch100_5.mid",0.01865
"F:\AlphaProject\_PythonML\MidiGAN\gan_results\conv_gan_1.1\battle\midi\run1\run1_epoch100_6.mid",0.01646
"F:\AlphaProject\_PythonML\MidiGAN\gan_results\conv_gan_1.1\battle\midi\run1\run1_epoch100_7.mid",0.01677
"F:\AlphaProject\_PythonML\MidiGAN\gan_results\conv_gan_1.1\battle\midi\run1\run1_epoch100_8.mid",0.02177
"F:\AlphaProject\_PythonML\MidiGAN\gan_results\conv_gan_1.1\battle\midi\run1\run1_epoch100_9.mid",0.02781
"F:\AlphaProject\_PythonML\MidiGAN\gan_results\conv_gan_1.1\battle\midi\run1\run1_epoch1024_1.mid",0.1629
"F:\AlphaProject\_PythonML\MidiGAN\gan_results\conv_gan_1.1\battle\midi\run1\run1_epoch1024_10.mid",0.1636
"F:\AlphaProject\_PythonML\MidiGAN\gan_results\conv_gan_1.1\battle\midi\run1\run1_epoch1024_11.mid",0.1513
"F:\AlphaProject\_PythonML\MidiGAN\gan_results\conv_gan_1.1\battle\midi\run1\run1_epoch1024_12.mid",0.1546
"F:\AlphaProject\_PythonML\MidiGAN\gan_results\conv_gan_1.1\battle\midi\run1\run1_epoch1024_13.mid",0.147
"F:\AlphaProject\_PythonML\MidiGAN\gan_results\conv_gan_1.1\battle\midi\run1\run1_epoch1024_14.mid",0.1698
"F:\AlphaProject\_PythonML\MidiGAN\gan_results\conv_gan_1.1\battle\midi\run1\run1_epoch1024_15.mid",0.1561
"F:\AlphaProject\_PythonML\MidiGAN\gan_results\conv_gan_1.1\battle\midi\run1\run1_epoch1024_16.mid",0.1585
"F:\AlphaProject\_PythonML\MidiGAN\gan_results\conv_gan_1.1\battle\midi\run1\run1_epoch1024_2.mid",0.1392
"F:\AlphaProject\_PythonML\MidiGAN\gan_results\conv_gan_1.1\battle\midi\run1\run1_epoch1024_3.mid",0.1527
"F:\AlphaProject\_PythonML\MidiGAN\gan_results\conv_gan_1.1\battle\midi\run1\run1_epoch1024_4.mid",0.1543
"F:\AlphaProject\_PythonML\MidiGAN\gan_results\conv_gan_1.1\battle\midi\run1\run1_epoch1024_5.mid",0.1604
"F:\AlphaProject\_PythonML\MidiGAN\gan_results\conv_gan_1.1\battle\midi\run1\run1_epoch1024_6.mid",0.1483
"F:\AlphaProject\_PythonML\MidiGAN\gan_results\conv_gan_1.1\battle\midi\run1\run1_epoch1024_7.mid",0.1587
"F:\AlphaProject\_PythonML\MidiGAN\gan_results\conv_gan_1.1\battle\midi\run1\run1_epoch1024_8.mid",0.1469
"F:\AlphaProject\_PythonML\MidiGAN\gan_results\conv_gan_1.1\battle\midi\run1\run1_epoch1024_9.mid",0.1501
"F:\AlphaProject\_PythonML\MidiGAN\gan_results\conv_gan_1.1\battle\midi\run1\run1_epoch16_1.mid",0.009896
"F:\AlphaProject\_PythonML\MidiGAN\gan_results\conv_gan_1.1\battle\midi\run1\run1_epoch16_10.mid",0.01031
"F:\AlphaProject\_PythonML\MidiGAN\gan_results\conv_gan_1.1\battle\midi\run1\run1_epoch16_11.mid",0.01198
"F:\AlphaProject\_PythonML\MidiGAN\gan_results\conv_gan_1.1\battle\midi\run1\run1_epoch16_12.mid",0.01042
"F:\AlphaProject\_PythonML\MidiGAN\gan_results\conv_gan_1.1\battle\midi\run1\run1_epoch16_13.mid",0.01313
"F:\AlphaProject\_PythonML\MidiGAN\gan_results\conv_gan_1.1\battle\midi\run1\run1_epoch16_14.mid",0.01219
"F:\AlphaProject\_PythonML\MidiGAN\gan_results\conv_gan_1.1\battle\midi\run1\run1_epoch16_15.mid",0.01177
"F:\AlphaProject\_PythonML\MidiGAN\gan_results\conv_gan_1.1\battle\midi\run1\run1_epoch16_16.mid",0.01104
"F:\AlphaProject\_PythonML\MidiGAN\gan_results\conv_gan_1.1\battle\midi\run1\run1_epoch16_2.mid",0.01125
"F:\AlphaProject\_PythonML\MidiGAN\gan_results\conv_gan_1.1\battle\midi\run1\run1_epoch16_3.mid",0.009062
"F:\AlphaProject\_PythonML\MidiGAN\gan_results\conv_gan_1.1\battle\midi\run1\run1_epoch16_4.mid",0.01021
"F:\AlphaProject\_PythonML\MidiGAN\gan_results\conv_gan_1.1\battle\midi\run1\run1_epoch16_5.mid",0.01281
"F:\AlphaProject\_PythonML\MidiGAN\gan_results\conv_gan_1.1\battle\midi\run1\run1_epoch16_6.mid",0.009792
"F:\AlphaProject\_PythonML\MidiGAN\gan_results\conv_gan_1.1\battle\midi\run1\run1_epoch16_7.mid",0.01333
"F:\AlphaProject\_PythonML\MidiGAN\gan_results\conv_gan_1.1\battle\midi\run1\run1_epoch16_8.mid",0.01104
"F:\AlphaProject\_PythonML\MidiGAN\gan_results\conv_gan_1.1\battle\midi\run1\run1_epoch16_9.mid",0.01344
"F:\AlphaProject\_PythonML\MidiGAN\gan_results\conv_gan_1.1\battle\midi\run1\run1_epoch2048_1.mid",0.1001
"F:\AlphaProject\_PythonML\MidiGAN\gan_results\conv_gan_1.1\battle\midi\run1\run1_epoch2048_10.mid",0.09448
"F:\AlphaProject\_PythonML\MidiGAN\gan_results\conv_gan_1.1\battle\midi\run1\run1_epoch2048_11.mid",0.09094
"F:\AlphaProject\_PythonML\MidiGAN\gan_results\conv_gan_1.1\battle\midi\run1\run1_epoch2048_12.mid",0.08948
"F:\AlphaProject\_PythonML\MidiGAN\gan_results\conv_gan_1.1\battle\midi\run1\run1_epoch2048_13.mid",0.07896
"F:\AlphaProject\_PythonML\MidiGAN\gan_results\conv_gan_1.1\battle\midi\run1\run1_epoch2048_14.mid",0.1016
"F:\AlphaProject\_PythonML\MidiGAN\gan_results\conv_gan_1.1\battle\midi\run1\run1_epoch2048_15.mid",0.08594
"F:\AlphaProject\_PythonML\MidiGAN\gan_results\conv_gan_1.1\battle\midi\run1\run1_epoch2048_16.mid",0.09354
"F:\AlphaProject\_PythonML\MidiGAN\gan_results\conv_gan_1.1\battle\midi\run1\run1_epoch2048_2.mid",0.08615
"F:\AlphaProject\_PythonML\MidiGAN\gan_results\conv_gan_1.1\battle\midi\run1\run1_epoch2048_3.mid",0.08615
"F:\AlphaProject\_PythonML\MidiGAN\gan_results\conv_gan_1.1\battle\midi\run1\run1_epoch2048_4.mid",0.08396
"F:\AlphaProject\_PythonML\MidiGAN\gan_results\conv_gan_1.1\battle\midi\run1\run1_epoch2048_5.mid",0.08365
"F:\AlphaProject\_PythonML\MidiGAN\gan_results\conv_gan_1.1\battle\midi\run1\run1_epoch2048_6.mid",0.08813
"F:\AlphaProject\_PythonML\MidiGAN\gan_results\conv_gan_1.1\battle\midi\run1\run1_epoch2048_7.mid",0.09292
"F:\AlphaProject\_PythonML\MidiGAN\gan_results\conv_gan_1.1\battle\midi\run1\run1_epoch2048_8.mid",0.06708
"F:\AlphaProject\_PythonML\MidiGAN\gan_results\conv_gan_1.1\battle\midi\run1\run1_epoch2048_9.mid",0.1068
"F:\AlphaProject\_PythonML\MidiGAN\gan_results\conv_gan_1.1\battle\midi\run1\run1_epoch2500_1.mid",0.07229
"F:\AlphaProject\_PythonML\MidiGAN\gan_results\conv_gan_1.1\battle\midi\run1\run1_epoch2500_10.mid",0.07354
"F:\AlphaProject\_PythonML\MidiGAN\gan_results\conv_gan_1.1\battle\midi\run1\run1_epoch2500_11.mid",0.06187
"F:\AlphaProject\_PythonML\MidiGAN\gan_results\conv_gan_1.1\battle\midi\run1\run1_epoch2500_12.mid",0.06198
"F:\AlphaProject\_PythonML\MidiGAN\gan_results\conv_gan_1.1\battle\midi\run1\run1_epoch2500_13.mid",0.05604
"F:\AlphaProject\_PythonML\MidiGAN\gan_results\conv_gan_1.1\battle\midi\run1\run1_epoch2500_14.mid",0.07219
"F:\AlphaProject\_PythonML\MidiGAN\gan_results\conv_gan_1.1\battle\midi\run1\run1_epoch2500_15.mid",0.05687
"F:\AlphaProject\_PythonML\MidiGAN\gan_results\conv_gan_1.1\battle\midi\run1\run1_epoch2500_16.mid",0.06729
"F:\AlphaProject\_PythonML\MidiGAN\gan_results\conv_gan_1.1\battle\midi\run1\run1_epoch2500_2.mid",0.06656
"F:\AlphaProject\_PythonML\MidiGAN\gan_results\conv_gan_1.1\battle\midi\run1\run1_epoch2500_3.mid",0.05802
"F:\AlphaProject\_PythonML\MidiGAN\gan_results\conv_gan_1.1\battle\midi\run1\run1_epoch2500_4.mid",0.05198
"F:\AlphaProject\_PythonML\MidiGAN\gan_results\conv_gan_1.1\battle\midi\run1\run1_epoch2500_5.mid",0.0625
"F:\AlphaProject\_PythonML\MidiGAN\gan_results\conv_gan_1.1\battle\midi\run1\run1_epoch2500_6.mid",0.07208
"F:\AlphaProject\_PythonML\MidiGAN\gan_results\conv_gan_1.1\battle\midi\run1\run1_epoch2500_7.mid",0.05948
"F:\AlphaProject\_PythonML\MidiGAN\gan_results\conv_gan_1.1\battle\midi\run1\run1_epoch2500_8.mid",0.06344
"F:\AlphaProject\_PythonML\MidiGAN\gan_results\conv_gan_1.1\battle\midi\run1\run1_epoch2500_9.mid",0.06719
"F:\AlphaProject\_PythonML\MidiGAN\gan_results\conv_gan_1.1\battle\midi\run1\run1_epoch3000_1.mid",0.14
"F:\AlphaProject\_PythonML\MidiGAN\gan_results\conv_gan_1.1\battle\midi\run1\run1_epoch3000_10.mid",0.1329
"F:\AlphaProject\_PythonML\MidiGAN\gan_results\conv_gan_1.1\battle\midi\run1\run1_epoch3000_11.mid",0.1307
"F:\AlphaProject\_PythonML\MidiGAN\gan_results\conv_gan_1.1\battle\midi\run1\run1_epoch3000_12.mid",0.1329
"F:\AlphaProject\_PythonML\MidiGAN\gan_results\conv_gan_1.1\battle\midi\run1\run1_epoch3000_13.mid",0.1239
"F:\AlphaProject\_PythonML\MidiGAN\gan_results\conv_gan_1.1\battle\midi\run1\run1_epoch3000_14.mid",0.143
"F:\AlphaProject\_PythonML\MidiGAN\gan_results\conv_gan_1.1\battle\midi\run1\run1_epoch3000_15.mid",0.1337
"F:\AlphaProject\_PythonML\MidiGAN\gan_results\conv_gan_1.1\battle\midi\run1\run1_epoch3000_16.mid",0.1409
"F:\AlphaProject\_PythonML\MidiGAN\gan_results\conv_gan_1.1\battle\midi\run1\run1_epoch3000_2.mid",0.1443
"F:\AlphaProject\_PythonML\MidiGAN\gan_results\conv_gan_1.1\battle\midi\run1\run1_epoch3000_3.mid",0.1439
"F:\AlphaProject\_PythonML\MidiGAN\gan_results\conv_gan_1.1\battle\midi\run1\run1_epoch3000_4.mid",0.1346
"F:\AlphaProject\_PythonML\MidiGAN\gan_results\conv_gan_1.1\battle\midi\run1\run1_epoch3000_5.mid",0.1365
"F:\AlphaProject\_PythonML\MidiGAN\gan_results\conv_gan_1.1\battle\midi\run1\run1_epoch3000_6.mid",0.1305
"F:\AlphaProject\_PythonML\MidiGAN\gan_results\conv_gan_1.1\battle\midi\run1\run1_epoch3000_7.mid",0.1303
"F:\AlphaProject\_PythonML\MidiGAN\gan_results\conv_gan_1.1\battle\midi\run1\run1_epoch3000_8.mid",0.1282
"F:\AlphaProject\_PythonML\MidiGAN\gan_results\conv_gan_1.1\battle\midi\run1\run1_epoch3000_9.mid",0.1379
"F:\AlphaProject\_PythonML\MidiGAN\gan_results\conv_gan_1.1\battle\midi\run1\run1_epoch300_1.mid",0.08719
"F:\AlphaProject\_PythonML\MidiGAN\gan_results\conv_gan_1.1\battle\midi\run1\run1_epoch300_10.mid",0.09146
"F:\AlphaProject\_PythonML\MidiGAN\gan_results\conv_gan_1.1\battle\midi\run1\run1_epoch300_11.mid",0.08542
"F:\AlphaProject\_PythonML\MidiGAN\gan_results\conv_gan_1.1\battle\midi\run1\run1_epoch300_12.mid",0.09115
"F:\AlphaProject\_PythonML\MidiGAN\gan_results\conv_gan_1.1\battle\midi\run1\run1_epoch300_13.mid",0.09229
"F:\AlphaProject\_PythonML\MidiGAN\gan_results\conv_gan_1.1\battle\midi\run1\run1_epoch300_14.mid",0.08615
"F:\AlphaProject\_PythonML\MidiGAN\gan_results\conv_gan_1.1\battle\midi\run1\run1_epoch300_15.mid",0.1005
"F:\AlphaProject\_PythonML\MidiGAN\gan_results\conv_gan_1.1\battle\midi\run1\run1_epoch300_16.mid",0.08906
"F:\AlphaProject\_PythonML\MidiGAN\gan_results\conv_gan_1.1\battle\midi\run1\run1_epoch300_2.mid",0.08802
"F:\AlphaProject\_PythonML\MidiGAN\gan_results\conv_gan_1.1\battle\midi\run1\run1_epoch300_3.mid",0.09146
"F:\AlphaProject\_PythonML\MidiGAN\gan_results\conv_gan_1.1\battle\midi\run1\run1_epoch300_4.mid",0.09104
"F:\AlphaProject\_PythonML\MidiGAN\gan_results\conv_gan_1.1\battle\midi\run1\run1_epoch300_5.mid",0.1084
"F:\AlphaProject\_PythonML\MidiGAN\gan_results\conv_gan_1.1\battle\midi\run1\run1_epoch300_6.mid",0.09365
"F:\AlphaProject\_PythonML\MidiGAN\gan_results\conv_gan_1.1\battle\midi\run1\run1_epoch300_7.mid",0.0975
"F:\AlphaProject\_PythonML\MidiGAN\gan_results\conv_gan_1.1\battle\midi\run1\run1_epoch300_8.mid",0.09344
"F:\AlphaProject\_PythonML\MidiGAN\gan_results\conv_gan_1.1\battle\midi\run1\run1_epoch300_9.mid",0.09792
"F:\AlphaProject\_PythonML\MidiGAN\gan_results\conv_gan_1.1\battle\midi\run1\run1_epoch3500_1.mid",0.1244
"F:\AlphaProject\_PythonML\MidiGAN\gan_results\conv_gan_1.1\battle\midi\run1\run1_epoch3500_10.mid",0.1316
"F:\AlphaProject\_PythonML\MidiGAN\gan_results\conv_gan_1.1\battle\midi\run1\run1_epoch3500_11.mid",0.1282
"F:\AlphaProject\_PythonML\MidiGAN\gan_results\conv_gan_1.1\battle\midi\run1\run1_epoch3500_12.mid",0.1306
"F:\AlphaProject\_PythonML\MidiGAN\gan_results\conv_gan_1.1\battle\midi\run1\run1_epoch3500_13.mid",0.1177
"F:\AlphaProject\_PythonML\MidiGAN\gan_results\conv_gan_1.1\battle\midi\run1\run1_epoch3500_14.mid",0.119
"F:\AlphaProject\_PythonML\MidiGAN\gan_results\conv_gan_1.1\battle\midi\run1\run1_epoch3500_15.mid",0.1288
"F:\AlphaProject\_PythonML\MidiGAN\gan_results\conv_gan_1.1\battle\midi\run1\run1_epoch3500_16.mid",0.1178
"F:\AlphaProject\_PythonML\MidiGAN\gan_results\conv_gan_1.1\battle\midi\run1\run1_epoch3500_2.mid",0.1324
"F:\AlphaProject\_PythonML\MidiGAN\gan_results\conv_gan_1.1\battle\midi\run1\run1_epoch3500_3.mid",0.1211
"F:\AlphaProject\_PythonML\MidiGAN\gan_results\conv_gan_1.1\battle\midi\run1\run1_epoch3500_4.mid",0.1216
"F:\AlphaProject\_PythonML\MidiGAN\gan_results\conv_gan_1.1\battle\midi\run1\run1_epoch3500_5.mid",0.1306
"F:\AlphaProject\_PythonML\MidiGAN\gan_results\conv_gan_1.1\battle\midi\run1\run1_epoch3500_6.mid",0.1316
"F:\AlphaProject\_PythonML\MidiGAN\gan_results\conv_gan_1.1\battle\midi\run1\run1_epoch3500_7.mid",0.1205
"F:\AlphaProject\_PythonML\MidiGAN\gan_results\conv_gan_1.1\battle\midi\run1\run1_epoch3500_8.mid",0.1287
"F:\AlphaProject\_PythonML\MidiGAN\gan_results\conv_gan_1.1\battle\midi\run1\run1_epoch3500_9.mid",0.1242
"F:\AlphaProject\_PythonML\MidiGAN\gan_results\conv_gan_1.1\battle\midi\run1\run1_epoch50_1.mid",0.03792
"F:\AlphaProject\_PythonML\MidiGAN\gan_results\conv_gan_1.1\battle\midi\run1\run1_epoch50_10.mid",0.04208
"F:\AlphaProject\_PythonML\MidiGAN\gan_results\conv_gan_1.1\battle\midi\run1\run1_epoch50_11.mid",0.05031
"F:\AlphaProject\_PythonML\MidiGAN\gan_results\conv_gan_1.1\battle\midi\run1\run1_epoch50_12.mid",0.04531
"F:\AlphaProject\_PythonML\MidiGAN\gan_results\conv_gan_1.1\battle\midi\run1\run1_epoch50_13.mid",0.03396
"F:\AlphaProject\_PythonML\MidiGAN\gan_results\conv_gan_1.1\battle\midi\run1\run1_epoch50_14.mid",0.04406
"F:\AlphaProject\_PythonML\MidiGAN\gan_results\conv_gan_1.1\battle\midi\run1\run1_epoch50_15.mid",0.04031
"F:\AlphaProject\_PythonML\MidiGAN\gan_results\conv_gan_1.1\battle\midi\run1\run1_epoch50_16.mid",0.05198
"F:\AlphaProject\_PythonML\MidiGAN\gan_results\conv_gan_1.1\battle\midi\run1\run1_epoch50_2.mid",0.02969
"F:\AlphaProject\_PythonML\MidiGAN\gan_results\conv_gan_1.1\battle\midi\run1\run1_epoch50_3.mid",0.04021
"F:\AlphaProject\_PythonML\MidiGAN\gan_results\conv_gan_1.1\battle\midi\run1\run1_epoch50_4.mid",0.03979
"F:\AlphaProject\_PythonML\MidiGAN\gan_results\conv_gan_1.1\battle\midi\run1\run1_epoch50_5.mid",0.03531
"F:\AlphaProject\_PythonML\MidiGAN\gan_results\conv_gan_1.1\battle\midi\run1\run1_epoch50_6.mid",0.035
"F:\AlphaProject\_PythonML\MidiGAN\gan_results\conv_gan_1.1\battle\midi\run1\run1_epoch50_7.mid",0.04562
"F:\AlphaProject\_PythonML\MidiGAN\gan_results\conv_gan_1.1\battle\midi\run1\run1_epoch50_8.mid",0.03198
"F:\AlphaProject\_PythonML\MidiGAN\gan_results\conv_gan_1.1\battle\midi\run1\run1_epoch50_9.mid",0.04115
"F:\AlphaProject\_PythonML\MidiGAN\gan_results\conv_gan_1.1\battle\midi\run1\run1_epoch700_1.mid",0.1374
"F:\AlphaProject\_PythonML\MidiGAN\gan_results\conv_gan_1.1\battle\midi\run1\run1_epoch700_10.mid",0.1964
"F:\AlphaProject\_PythonML\MidiGAN\gan_results\conv_gan_1.1\battle\midi\run1\run1_epoch700_11.mid",0.1607
"F:\AlphaProject\_PythonML\MidiGAN\gan_results\conv_gan_1.1\battle\midi\run1\run1_epoch700_12.mid",0.1719
"F:\AlphaProject\_PythonML\MidiGAN\gan_results\conv_gan_1.1\battle\midi\run1\run1_epoch700_13.mid",0.1971
"F:\AlphaProject\_PythonML\MidiGAN\gan_results\conv_gan_1.1\battle\midi\run1\run1_epoch700_14.mid",0.1844
"F:\AlphaProject\_PythonML\MidiGAN\gan_results\conv_gan_1.1\battle\midi\run1\run1_epoch700_15.mid",0.1675
"F:\AlphaProject\_PythonML\MidiGAN\gan_results\conv_gan_1.1\battle\midi\run1\run1_epoch700_16.mid",0.1779
"F:\AlphaProject\_PythonML\MidiGAN\gan_results\conv_gan_1.1\battle\midi\run1\run1_epoch700_2.mid",0.1687
"F:\AlphaProject\_PythonML\MidiGAN\gan_results\conv_gan_1.1\battle\midi\run1\run1_epoch700_3.mid",0.1721
"F:\AlphaProject\_PythonML\MidiGAN\gan_results\conv_gan_1.1\battle\midi\run1\run1_epoch700_4.mid",0.1592
"F:\AlphaProject\_PythonML\MidiGAN\gan_results\conv_gan_1.1\battle\midi\run1\run1_epoch700_5.mid",0.1768
"F:\AlphaProject\_PythonML\MidiGAN\gan_results\conv_gan_1.1\battle\midi\run1\run1_epoch700_6.mid",0.1843
"F:\AlphaProject\_PythonML\MidiGAN\gan_results\conv_gan_1.1\battle\midi\run1\run1_epoch700_7.mid",0.1618
"F:\AlphaProject\_PythonML\MidiGAN\gan_results\conv_gan_1.1\battle\midi\run1\run1_epoch700_8.mid",0.1497
"F:\AlphaProject\_PythonML\MidiGAN\gan_results\conv_gan_1.1\battle\midi\run1\run1_epoch700_9.mid",0.1829
