,Average_Note_Duration
"F:\AlphaProject\_PythonML\MidiGAN\gan_results\conv_gan_1.1\title\midi\run4\run4_epoch100_1.mid",0.02927
"F:\AlphaProject\_PythonML\MidiGAN\gan_results\conv_gan_1.1\title\midi\run4\run4_epoch100_10.mid",0.02927
"F:\AlphaProject\_PythonML\MidiGAN\gan_results\conv_gan_1.1\title\midi\run4\run4_epoch100_11.mid",0.02167
"F:\AlphaProject\_PythonML\MidiGAN\gan_results\conv_gan_1.1\title\midi\run4\run4_epoch100_12.mid",0.02458
"F:\AlphaProject\_PythonML\MidiGAN\gan_results\conv_gan_1.1\title\midi\run4\run4_epoch100_13.mid",0.02302
"F:\AlphaProject\_PythonML\MidiGAN\gan_results\conv_gan_1.1\title\midi\run4\run4_epoch100_14.mid",0.02573
"F:\AlphaProject\_PythonML\MidiGAN\gan_results\conv_gan_1.1\title\midi\run4\run4_epoch100_15.mid",0.02125
"F:\AlphaProject\_PythonML\MidiGAN\gan_results\conv_gan_1.1\title\midi\run4\run4_epoch100_16.mid",0.02375
"F:\AlphaProject\_PythonML\MidiGAN\gan_results\conv_gan_1.1\title\midi\run4\run4_epoch100_2.mid",0.02802
"F:\AlphaProject\_PythonML\MidiGAN\gan_results\conv_gan_1.1\title\midi\run4\run4_epoch100_3.mid",0.02448
"F:\AlphaProject\_PythonML\MidiGAN\gan_results\conv_gan_1.1\title\midi\run4\run4_epoch100_4.mid",0.02635
"F:\AlphaProject\_PythonML\MidiGAN\gan_results\conv_gan_1.1\title\midi\run4\run4_epoch100_5.mid",0.02354
"F:\AlphaProject\_PythonML\MidiGAN\gan_results\conv_gan_1.1\title\midi\run4\run4_epoch100_6.mid",0.02052
"F:\AlphaProject\_PythonML\MidiGAN\gan_results\conv_gan_1.1\title\midi\run4\run4_epoch100_7.mid",0.0274
"F:\AlphaProject\_PythonML\MidiGAN\gan_results\conv_gan_1.1\title\midi\run4\run4_epoch100_8.mid",0.02406
"F:\AlphaProject\_PythonML\MidiGAN\gan_results\conv_gan_1.1\title\midi\run4\run4_epoch100_9.mid",0.02219
"F:\AlphaProject\_PythonML\MidiGAN\gan_results\conv_gan_1.1\title\midi\run4\run4_epoch1024_1.mid",0.1332
"F:\AlphaProject\_PythonML\MidiGAN\gan_results\conv_gan_1.1\title\midi\run4\run4_epoch1024_10.mid",0.1181
"F:\AlphaProject\_PythonML\MidiGAN\gan_results\conv_gan_1.1\title\midi\run4\run4_epoch1024_11.mid",0.1227
"F:\AlphaProject\_PythonML\MidiGAN\gan_results\conv_gan_1.1\title\midi\run4\run4_epoch1024_12.mid",0.1145
"F:\AlphaProject\_PythonML\MidiGAN\gan_results\conv_gan_1.1\title\midi\run4\run4_epoch1024_13.mid",0.1433
"F:\AlphaProject\_PythonML\MidiGAN\gan_results\conv_gan_1.1\title\midi\run4\run4_epoch1024_14.mid",0.1425
"F:\AlphaProject\_PythonML\MidiGAN\gan_results\conv_gan_1.1\title\midi\run4\run4_epoch1024_15.mid",0.115
"F:\AlphaProject\_PythonML\MidiGAN\gan_results\conv_gan_1.1\title\midi\run4\run4_epoch1024_16.mid",0.1359
"F:\AlphaProject\_PythonML\MidiGAN\gan_results\conv_gan_1.1\title\midi\run4\run4_epoch1024_2.mid",0.1399
"F:\AlphaProject\_PythonML\MidiGAN\gan_results\conv_gan_1.1\title\midi\run4\run4_epoch1024_3.mid",0.1342
"F:\AlphaProject\_PythonML\MidiGAN\gan_results\conv_gan_1.1\title\midi\run4\run4_epoch1024_4.mid",0.1376
"F:\AlphaProject\_PythonML\MidiGAN\gan_results\conv_gan_1.1\title\midi\run4\run4_epoch1024_5.mid",0.1531
"F:\AlphaProject\_PythonML\MidiGAN\gan_results\conv_gan_1.1\title\midi\run4\run4_epoch1024_6.mid",0.1295
"F:\AlphaProject\_PythonML\MidiGAN\gan_results\conv_gan_1.1\title\midi\run4\run4_epoch1024_7.mid",0.1226
"F:\AlphaProject\_PythonML\MidiGAN\gan_results\conv_gan_1.1\title\midi\run4\run4_epoch1024_8.mid",0.1295
"F:\AlphaProject\_PythonML\MidiGAN\gan_results\conv_gan_1.1\title\midi\run4\run4_epoch1024_9.mid",0.1215
"F:\AlphaProject\_PythonML\MidiGAN\gan_results\conv_gan_1.1\title\midi\run4\run4_epoch16_1.mid",0.002396
"F:\AlphaProject\_PythonML\MidiGAN\gan_results\conv_gan_1.1\title\midi\run4\run4_epoch16_10.mid",0.002187
"F:\AlphaProject\_PythonML\MidiGAN\gan_results\conv_gan_1.1\title\midi\run4\run4_epoch16_11.mid",0.002187
"F:\AlphaProject\_PythonML\MidiGAN\gan_results\conv_gan_1.1\title\midi\run4\run4_epoch16_12.mid",0.002396
"F:\AlphaProject\_PythonML\MidiGAN\gan_results\conv_gan_1.1\title\midi\run4\run4_epoch16_13.mid",0.001875
"F:\AlphaProject\_PythonML\MidiGAN\gan_results\conv_gan_1.1\title\midi\run4\run4_epoch16_14.mid",0.003646
"F:\AlphaProject\_PythonML\MidiGAN\gan_results\conv_gan_1.1\title\midi\run4\run4_epoch16_15.mid",0.002604
"F:\AlphaProject\_PythonML\MidiGAN\gan_results\conv_gan_1.1\title\midi\run4\run4_epoch16_16.mid",0.001354
"F:\AlphaProject\_PythonML\MidiGAN\gan_results\conv_gan_1.1\title\midi\run4\run4_epoch16_2.mid",0.002604
"F:\AlphaProject\_PythonML\MidiGAN\gan_results\conv_gan_1.1\title\midi\run4\run4_epoch16_3.mid",0.002812
"F:\AlphaProject\_PythonML\MidiGAN\gan_results\conv_gan_1.1\title\midi\run4\run4_epoch16_4.mid",0.002187
"F:\AlphaProject\_PythonML\MidiGAN\gan_results\conv_gan_1.1\title\midi\run4\run4_epoch16_5.mid",0.001667
"F:\AlphaProject\_PythonML\MidiGAN\gan_results\conv_gan_1.1\title\midi\run4\run4_epoch16_6.mid",0.002292
"F:\AlphaProject\_PythonML\MidiGAN\gan_results\conv_gan_1.1\title\midi\run4\run4_epoch16_7.mid",0.002604
"F:\AlphaProject\_PythonML\MidiGAN\gan_results\conv_gan_1.1\title\midi\run4\run4_epoch16_8.mid",0.001771
"F:\AlphaProject\_PythonML\MidiGAN\gan_results\conv_gan_1.1\title\midi\run4\run4_epoch16_9.mid",0.001979
"F:\AlphaProject\_PythonML\MidiGAN\gan_results\conv_gan_1.1\title\midi\run4\run4_epoch2048_1.mid",0.1685
"F:\AlphaProject\_PythonML\MidiGAN\gan_results\conv_gan_1.1\title\midi\run4\run4_epoch2048_10.mid",0.1706
"F:\AlphaProject\_PythonML\MidiGAN\gan_results\conv_gan_1.1\title\midi\run4\run4_epoch2048_11.mid",0.1618
"F:\AlphaProject\_PythonML\MidiGAN\gan_results\conv_gan_1.1\title\midi\run4\run4_epoch2048_12.mid",0.1655
"F:\AlphaProject\_PythonML\MidiGAN\gan_results\conv_gan_1.1\title\midi\run4\run4_epoch2048_13.mid",0.1619
"F:\AlphaProject\_PythonML\MidiGAN\gan_results\conv_gan_1.1\title\midi\run4\run4_epoch2048_14.mid",0.171
"F:\AlphaProject\_PythonML\MidiGAN\gan_results\conv_gan_1.1\title\midi\run4\run4_epoch2048_15.mid",0.1765
"F:\AlphaProject\_PythonML\MidiGAN\gan_results\conv_gan_1.1\title\midi\run4\run4_epoch2048_16.mid",0.172
"F:\AlphaProject\_PythonML\MidiGAN\gan_results\conv_gan_1.1\title\midi\run4\run4_epoch2048_2.mid",0.1755
"F:\AlphaProject\_PythonML\MidiGAN\gan_results\conv_gan_1.1\title\midi\run4\run4_epoch2048_3.mid",0.1741
"F:\AlphaProject\_PythonML\MidiGAN\gan_results\conv_gan_1.1\title\midi\run4\run4_epoch2048_4.mid",0.1567
"F:\AlphaProject\_PythonML\MidiGAN\gan_results\conv_gan_1.1\title\midi\run4\run4_epoch2048_5.mid",0.1686
"F:\AlphaProject\_PythonML\MidiGAN\gan_results\conv_gan_1.1\title\midi\run4\run4_epoch2048_6.mid",0.1737
"F:\AlphaProject\_PythonML\MidiGAN\gan_results\conv_gan_1.1\title\midi\run4\run4_epoch2048_7.mid",0.1707
"F:\AlphaProject\_PythonML\MidiGAN\gan_results\conv_gan_1.1\title\midi\run4\run4_epoch2048_8.mid",0.1693
"F:\AlphaProject\_PythonML\MidiGAN\gan_results\conv_gan_1.1\title\midi\run4\run4_epoch2048_9.mid",0.1752
"F:\AlphaProject\_PythonML\MidiGAN\gan_results\conv_gan_1.1\title\midi\run4\run4_epoch2500_1.mid",0.4125
"F:\AlphaProject\_PythonML\MidiGAN\gan_results\conv_gan_1.1\title\midi\run4\run4_epoch2500_10.mid",0.4145
"F:\AlphaProject\_PythonML\MidiGAN\gan_results\conv_gan_1.1\title\midi\run4\run4_epoch2500_11.mid",0.4114
"F:\AlphaProject\_PythonML\MidiGAN\gan_results\conv_gan_1.1\title\midi\run4\run4_epoch2500_12.mid",0.4114
"F:\AlphaProject\_PythonML\MidiGAN\gan_results\conv_gan_1.1\title\midi\run4\run4_epoch2500_13.mid",0.4142
"F:\AlphaProject\_PythonML\MidiGAN\gan_results\conv_gan_1.1\title\midi\run4\run4_epoch2500_14.mid",0.4125
"F:\AlphaProject\_PythonML\MidiGAN\gan_results\conv_gan_1.1\title\midi\run4\run4_epoch2500_15.mid",0.4156
"F:\AlphaProject\_PythonML\MidiGAN\gan_results\conv_gan_1.1\title\midi\run4\run4_epoch2500_16.mid",0.4126
"F:\AlphaProject\_PythonML\MidiGAN\gan_results\conv_gan_1.1\title\midi\run4\run4_epoch2500_2.mid",0.4095
"F:\AlphaProject\_PythonML\MidiGAN\gan_results\conv_gan_1.1\title\midi\run4\run4_epoch2500_3.mid",0.4108
"F:\AlphaProject\_PythonML\MidiGAN\gan_results\conv_gan_1.1\title\midi\run4\run4_epoch2500_4.mid",0.4164
"F:\AlphaProject\_PythonML\MidiGAN\gan_results\conv_gan_1.1\title\midi\run4\run4_epoch2500_5.mid",0.41
"F:\AlphaProject\_PythonML\MidiGAN\gan_results\conv_gan_1.1\title\midi\run4\run4_epoch2500_6.mid",0.4175
"F:\AlphaProject\_PythonML\MidiGAN\gan_results\conv_gan_1.1\title\midi\run4\run4_epoch2500_7.mid",0.4153
"F:\AlphaProject\_PythonML\MidiGAN\gan_results\conv_gan_1.1\title\midi\run4\run4_epoch2500_8.mid",0.4116
"F:\AlphaProject\_PythonML\MidiGAN\gan_results\conv_gan_1.1\title\midi\run4\run4_epoch2500_9.mid",0.4123
"F:\AlphaProject\_PythonML\MidiGAN\gan_results\conv_gan_1.1\title\midi\run4\run4_epoch3000_1.mid",0.06542
"F:\AlphaProject\_PythonML\MidiGAN\gan_results\conv_gan_1.1\title\midi\run4\run4_epoch3000_10.mid",0.06854
"F:\AlphaProject\_PythonML\MidiGAN\gan_results\conv_gan_1.1\title\midi\run4\run4_epoch3000_11.mid",0.06979
"F:\AlphaProject\_PythonML\MidiGAN\gan_results\conv_gan_1.1\title\midi\run4\run4_epoch3000_12.mid",0.07229
"F:\AlphaProject\_PythonML\MidiGAN\gan_results\conv_gan_1.1\title\midi\run4\run4_epoch3000_13.mid",0.06292
"F:\AlphaProject\_PythonML\MidiGAN\gan_results\conv_gan_1.1\title\midi\run4\run4_epoch3000_14.mid",0.06656
"F:\AlphaProject\_PythonML\MidiGAN\gan_results\conv_gan_1.1\title\midi\run4\run4_epoch3000_15.mid",0.06792
"F:\AlphaProject\_PythonML\MidiGAN\gan_results\conv_gan_1.1\title\midi\run4\run4_epoch3000_16.mid",0.06771
"F:\AlphaProject\_PythonML\MidiGAN\gan_results\conv_gan_1.1\title\midi\run4\run4_epoch3000_2.mid",0.07156
"F:\AlphaProject\_PythonML\MidiGAN\gan_results\conv_gan_1.1\title\midi\run4\run4_epoch3000_3.mid",0.07156
"F:\AlphaProject\_PythonML\MidiGAN\gan_results\conv_gan_1.1\title\midi\run4\run4_epoch3000_4.mid",0.06604
"F:\AlphaProject\_PythonML\MidiGAN\gan_results\conv_gan_1.1\title\midi\run4\run4_epoch3000_5.mid",0.07208
"F:\AlphaProject\_PythonML\MidiGAN\gan_results\conv_gan_1.1\title\midi\run4\run4_epoch3000_6.mid",0.06833
"F:\AlphaProject\_PythonML\MidiGAN\gan_results\conv_gan_1.1\title\midi\run4\run4_epoch3000_7.mid",0.07062
"F:\AlphaProject\_PythonML\MidiGAN\gan_results\conv_gan_1.1\title\midi\run4\run4_epoch3000_8.mid",0.06979
"F:\AlphaProject\_PythonML\MidiGAN\gan_results\conv_gan_1.1\title\midi\run4\run4_epoch3000_9.mid",0.06844
"F:\AlphaProject\_PythonML\MidiGAN\gan_results\conv_gan_1.1\title\midi\run4\run4_epoch300_1.mid",0.05583
"F:\AlphaProject\_PythonML\MidiGAN\gan_results\conv_gan_1.1\title\midi\run4\run4_epoch300_10.mid",0.05219
"F:\AlphaProject\_PythonML\MidiGAN\gan_results\conv_gan_1.1\title\midi\run4\run4_epoch300_11.mid",0.06188
"F:\AlphaProject\_PythonML\MidiGAN\gan_results\conv_gan_1.1\title\midi\run4\run4_epoch300_12.mid",0.04865
"F:\AlphaProject\_PythonML\MidiGAN\gan_results\conv_gan_1.1\title\midi\run4\run4_epoch300_13.mid",0.06094
"F:\AlphaProject\_PythonML\MidiGAN\gan_results\conv_gan_1.1\title\midi\run4\run4_epoch300_14.mid",0.05792
"F:\AlphaProject\_PythonML\MidiGAN\gan_results\conv_gan_1.1\title\midi\run4\run4_epoch300_15.mid",0.07219
"F:\AlphaProject\_PythonML\MidiGAN\gan_results\conv_gan_1.1\title\midi\run4\run4_epoch300_16.mid",0.05667
"F:\AlphaProject\_PythonML\MidiGAN\gan_results\conv_gan_1.1\title\midi\run4\run4_epoch300_2.mid",0.04385
"F:\AlphaProject\_PythonML\MidiGAN\gan_results\conv_gan_1.1\title\midi\run4\run4_epoch300_3.mid",0.05979
"F:\AlphaProject\_PythonML\MidiGAN\gan_results\conv_gan_1.1\title\midi\run4\run4_epoch300_4.mid",0.06302
"F:\AlphaProject\_PythonML\MidiGAN\gan_results\conv_gan_1.1\title\midi\run4\run4_epoch300_5.mid",0.05896
"F:\AlphaProject\_PythonML\MidiGAN\gan_results\conv_gan_1.1\title\midi\run4\run4_epoch300_6.mid",0.06135
"F:\AlphaProject\_PythonML\MidiGAN\gan_results\conv_gan_1.1\title\midi\run4\run4_epoch300_7.mid",0.05083
"F:\AlphaProject\_PythonML\MidiGAN\gan_results\conv_gan_1.1\title\midi\run4\run4_epoch300_8.mid",0.05052
"F:\AlphaProject\_PythonML\MidiGAN\gan_results\conv_gan_1.1\title\midi\run4\run4_epoch300_9.mid",0.05865
"F:\AlphaProject\_PythonML\MidiGAN\gan_results\conv_gan_1.1\title\midi\run4\run4_epoch3500_1.mid",0.1971
"F:\AlphaProject\_PythonML\MidiGAN\gan_results\conv_gan_1.1\title\midi\run4\run4_epoch3500_10.mid",0.1891
"F:\AlphaProject\_PythonML\MidiGAN\gan_results\conv_gan_1.1\title\midi\run4\run4_epoch3500_11.mid",0.1923
"F:\AlphaProject\_PythonML\MidiGAN\gan_results\conv_gan_1.1\title\midi\run4\run4_epoch3500_12.mid",0.1934
"F:\AlphaProject\_PythonML\MidiGAN\gan_results\conv_gan_1.1\title\midi\run4\run4_epoch3500_13.mid",0.1989
"F:\AlphaProject\_PythonML\MidiGAN\gan_results\conv_gan_1.1\title\midi\run4\run4_epoch3500_14.mid",0.2004
"F:\AlphaProject\_PythonML\MidiGAN\gan_results\conv_gan_1.1\title\midi\run4\run4_epoch3500_15.mid",0.1948
"F:\AlphaProject\_PythonML\MidiGAN\gan_results\conv_gan_1.1\title\midi\run4\run4_epoch3500_16.mid",0.1982
"F:\AlphaProject\_PythonML\MidiGAN\gan_results\conv_gan_1.1\title\midi\run4\run4_epoch3500_2.mid",0.2118
"F:\AlphaProject\_PythonML\MidiGAN\gan_results\conv_gan_1.1\title\midi\run4\run4_epoch3500_3.mid",0.1973
"F:\AlphaProject\_PythonML\MidiGAN\gan_results\conv_gan_1.1\title\midi\run4\run4_epoch3500_4.mid",0.1953
"F:\AlphaProject\_PythonML\MidiGAN\gan_results\conv_gan_1.1\title\midi\run4\run4_epoch3500_5.mid",0.1952
"F:\AlphaProject\_PythonML\MidiGAN\gan_results\conv_gan_1.1\title\midi\run4\run4_epoch3500_6.mid",0.2002
"F:\AlphaProject\_PythonML\MidiGAN\gan_results\conv_gan_1.1\title\midi\run4\run4_epoch3500_7.mid",0.1971
"F:\AlphaProject\_PythonML\MidiGAN\gan_results\conv_gan_1.1\title\midi\run4\run4_epoch3500_8.mid",0.1904
"F:\AlphaProject\_PythonML\MidiGAN\gan_results\conv_gan_1.1\title\midi\run4\run4_epoch3500_9.mid",0.199
"F:\AlphaProject\_PythonML\MidiGAN\gan_results\conv_gan_1.1\title\midi\run4\run4_epoch50_1.mid",0.03365
"F:\AlphaProject\_PythonML\MidiGAN\gan_results\conv_gan_1.1\title\midi\run4\run4_epoch50_10.mid",0.04177
"F:\AlphaProject\_PythonML\MidiGAN\gan_results\conv_gan_1.1\title\midi\run4\run4_epoch50_11.mid",0.0301
"F:\AlphaProject\_PythonML\MidiGAN\gan_results\conv_gan_1.1\title\midi\run4\run4_epoch50_12.mid",0.03594
"F:\AlphaProject\_PythonML\MidiGAN\gan_results\conv_gan_1.1\title\midi\run4\run4_epoch50_13.mid",0.03406
"F:\AlphaProject\_PythonML\MidiGAN\gan_results\conv_gan_1.1\title\midi\run4\run4_epoch50_14.mid",0.03385
"F:\AlphaProject\_PythonML\MidiGAN\gan_results\conv_gan_1.1\title\midi\run4\run4_epoch50_15.mid",0.03396
"F:\AlphaProject\_PythonML\MidiGAN\gan_results\conv_gan_1.1\title\midi\run4\run4_epoch50_16.mid",0.04021
"F:\AlphaProject\_PythonML\MidiGAN\gan_results\conv_gan_1.1\title\midi\run4\run4_epoch50_2.mid",0.03698
"F:\AlphaProject\_PythonML\MidiGAN\gan_results\conv_gan_1.1\title\midi\run4\run4_epoch50_3.mid",0.0325
"F:\AlphaProject\_PythonML\MidiGAN\gan_results\conv_gan_1.1\title\midi\run4\run4_epoch50_4.mid",0.03458
"F:\AlphaProject\_PythonML\MidiGAN\gan_results\conv_gan_1.1\title\midi\run4\run4_epoch50_5.mid",0.04021
"F:\AlphaProject\_PythonML\MidiGAN\gan_results\conv_gan_1.1\title\midi\run4\run4_epoch50_6.mid",0.0349
"F:\AlphaProject\_PythonML\MidiGAN\gan_results\conv_gan_1.1\title\midi\run4\run4_epoch50_7.mid",0.03698
"F:\AlphaProject\_PythonML\MidiGAN\gan_results\conv_gan_1.1\title\midi\run4\run4_epoch50_8.mid",0.03865
"F:\AlphaProject\_PythonML\MidiGAN\gan_results\conv_gan_1.1\title\midi\run4\run4_epoch50_9.mid",0.03344
"F:\AlphaProject\_PythonML\MidiGAN\gan_results\conv_gan_1.1\title\midi\run4\run4_epoch700_1.mid",0.12
"F:\AlphaProject\_PythonML\MidiGAN\gan_results\conv_gan_1.1\title\midi\run4\run4_epoch700_10.mid",0.111
"F:\AlphaProject\_PythonML\MidiGAN\gan_results\conv_gan_1.1\title\midi\run4\run4_epoch700_11.mid",0.1344
"F:\AlphaProject\_PythonML\MidiGAN\gan_results\conv_gan_1.1\title\midi\run4\run4_epoch700_12.mid",0.1311
"F:\AlphaProject\_PythonML\MidiGAN\gan_results\conv_gan_1.1\title\midi\run4\run4_epoch700_13.mid",0.1196
"F:\AlphaProject\_PythonML\MidiGAN\gan_results\conv_gan_1.1\title\midi\run4\run4_epoch700_14.mid",0.1181
"F:\AlphaProject\_PythonML\MidiGAN\gan_results\conv_gan_1.1\title\midi\run4\run4_epoch700_15.mid",0.1331
"F:\AlphaProject\_PythonML\MidiGAN\gan_results\conv_gan_1.1\title\midi\run4\run4_epoch700_16.mid",0.1234
"F:\AlphaProject\_PythonML\MidiGAN\gan_results\conv_gan_1.1\title\midi\run4\run4_epoch700_2.mid",0.1406
"F:\AlphaProject\_PythonML\MidiGAN\gan_results\conv_gan_1.1\title\midi\run4\run4_epoch700_3.mid",0.1205
"F:\AlphaProject\_PythonML\MidiGAN\gan_results\conv_gan_1.1\title\midi\run4\run4_epoch700_4.mid",0.106
"F:\AlphaProject\_PythonML\MidiGAN\gan_results\conv_gan_1.1\title\midi\run4\run4_epoch700_5.mid",0.106
"F:\AlphaProject\_PythonML\MidiGAN\gan_results\conv_gan_1.1\title\midi\run4\run4_epoch700_6.mid",0.09292
"F:\AlphaProject\_PythonML\MidiGAN\gan_results\conv_gan_1.1\title\midi\run4\run4_epoch700_7.mid",0.09344
"F:\AlphaProject\_PythonML\MidiGAN\gan_results\conv_gan_1.1\title\midi\run4\run4_epoch700_8.mid",0.09448
"F:\AlphaProject\_PythonML\MidiGAN\gan_results\conv_gan_1.1\title\midi\run4\run4_epoch700_9.mid",0.1379
