,Average_Note_Duration
"F:\AlphaProject\_PythonML\MidiGAN\gan_results\conv_gan_1.1\title\midi\run5\run5_epoch100_1.mid",0.0399
"F:\AlphaProject\_PythonML\MidiGAN\gan_results\conv_gan_1.1\title\midi\run5\run5_epoch100_10.mid",0.04802
"F:\AlphaProject\_PythonML\MidiGAN\gan_results\conv_gan_1.1\title\midi\run5\run5_epoch100_11.mid",0.06427
"F:\AlphaProject\_PythonML\MidiGAN\gan_results\conv_gan_1.1\title\midi\run5\run5_epoch100_12.mid",0.05479
"F:\AlphaProject\_PythonML\MidiGAN\gan_results\conv_gan_1.1\title\midi\run5\run5_epoch100_13.mid",0.06479
"F:\AlphaProject\_PythonML\MidiGAN\gan_results\conv_gan_1.1\title\midi\run5\run5_epoch100_14.mid",0.04292
"F:\AlphaProject\_PythonML\MidiGAN\gan_results\conv_gan_1.1\title\midi\run5\run5_epoch100_15.mid",0.06
"F:\AlphaProject\_PythonML\MidiGAN\gan_results\conv_gan_1.1\title\midi\run5\run5_epoch100_16.mid",0.04698
"F:\AlphaProject\_PythonML\MidiGAN\gan_results\conv_gan_1.1\title\midi\run5\run5_epoch100_2.mid",0.05896
"F:\AlphaProject\_PythonML\MidiGAN\gan_results\conv_gan_1.1\title\midi\run5\run5_epoch100_3.mid",0.06688
"F:\AlphaProject\_PythonML\MidiGAN\gan_results\conv_gan_1.1\title\midi\run5\run5_epoch100_4.mid",0.06365
"F:\AlphaProject\_PythonML\MidiGAN\gan_results\conv_gan_1.1\title\midi\run5\run5_epoch100_5.mid",0.05802
"F:\AlphaProject\_PythonML\MidiGAN\gan_results\conv_gan_1.1\title\midi\run5\run5_epoch100_6.mid",0.07156
"F:\AlphaProject\_PythonML\MidiGAN\gan_results\conv_gan_1.1\title\midi\run5\run5_epoch100_7.mid",0.06031
"F:\AlphaProject\_PythonML\MidiGAN\gan_results\conv_gan_1.1\title\midi\run5\run5_epoch100_8.mid",0.0624
"F:\AlphaProject\_PythonML\MidiGAN\gan_results\conv_gan_1.1\title\midi\run5\run5_epoch100_9.mid",0.04802
"F:\AlphaProject\_PythonML\MidiGAN\gan_results\conv_gan_1.1\title\midi\run5\run5_epoch1024_1.mid",0.1065
"F:\AlphaProject\_PythonML\MidiGAN\gan_results\conv_gan_1.1\title\midi\run5\run5_epoch1024_10.mid",0.09865
"F:\AlphaProject\_PythonML\MidiGAN\gan_results\conv_gan_1.1\title\midi\run5\run5_epoch1024_11.mid",0.1079
"F:\AlphaProject\_PythonML\MidiGAN\gan_results\conv_gan_1.1\title\midi\run5\run5_epoch1024_12.mid",0.1007
"F:\AlphaProject\_PythonML\MidiGAN\gan_results\conv_gan_1.1\title\midi\run5\run5_epoch1024_13.mid",0.109
"F:\AlphaProject\_PythonML\MidiGAN\gan_results\conv_gan_1.1\title\midi\run5\run5_epoch1024_14.mid",0.1103
"F:\AlphaProject\_PythonML\MidiGAN\gan_results\conv_gan_1.1\title\midi\run5\run5_epoch1024_15.mid",0.0974
"F:\AlphaProject\_PythonML\MidiGAN\gan_results\conv_gan_1.1\title\midi\run5\run5_epoch1024_16.mid",0.1097
"F:\AlphaProject\_PythonML\MidiGAN\gan_results\conv_gan_1.1\title\midi\run5\run5_epoch1024_2.mid",0.09656
"F:\AlphaProject\_PythonML\MidiGAN\gan_results\conv_gan_1.1\title\midi\run5\run5_epoch1024_3.mid",0.1111
"F:\AlphaProject\_PythonML\MidiGAN\gan_results\conv_gan_1.1\title\midi\run5\run5_epoch1024_4.mid",0.09625
"F:\AlphaProject\_PythonML\MidiGAN\gan_results\conv_gan_1.1\title\midi\run5\run5_epoch1024_5.mid",0.1065
"F:\AlphaProject\_PythonML\MidiGAN\gan_results\conv_gan_1.1\title\midi\run5\run5_epoch1024_6.mid",0.1003
"F:\AlphaProject\_PythonML\MidiGAN\gan_results\conv_gan_1.1\title\midi\run5\run5_epoch1024_7.mid",0.09187
"F:\AlphaProject\_PythonML\MidiGAN\gan_results\conv_gan_1.1\title\midi\run5\run5_epoch1024_8.mid",0.1128
"F:\AlphaProject\_PythonML\MidiGAN\gan_results\conv_gan_1.1\title\midi\run5\run5_epoch1024_9.mid",0.09729
"F:\AlphaProject\_PythonML\MidiGAN\gan_results\conv_gan_1.1\title\midi\run5\run5_epoch16_1.mid",0.002812
"F:\AlphaProject\_PythonML\MidiGAN\gan_results\conv_gan_1.1\title\midi\run5\run5_epoch16_10.mid",0.006146
"F:\AlphaProject\_PythonML\MidiGAN\gan_results\conv_gan_1.1\title\midi\run5\run5_epoch16_11.mid",0.006771
"F:\AlphaProject\_PythonML\MidiGAN\gan_results\conv_gan_1.1\title\midi\run5\run5_epoch16_12.mid",0.003854
"F:\AlphaProject\_PythonML\MidiGAN\gan_results\conv_gan_1.1\title\midi\run5\run5_epoch16_13.mid",0.004583
"F:\AlphaProject\_PythonML\MidiGAN\gan_results\conv_gan_1.1\title\midi\run5\run5_epoch16_14.mid",0.005937
"F:\AlphaProject\_PythonML\MidiGAN\gan_results\conv_gan_1.1\title\midi\run5\run5_epoch16_15.mid",0.005313
"F:\AlphaProject\_PythonML\MidiGAN\gan_results\conv_gan_1.1\title\midi\run5\run5_epoch16_16.mid",0.005625
"F:\AlphaProject\_PythonML\MidiGAN\gan_results\conv_gan_1.1\title\midi\run5\run5_epoch16_2.mid",0.006354
"F:\AlphaProject\_PythonML\MidiGAN\gan_results\conv_gan_1.1\title\midi\run5\run5_epoch16_3.mid",0.005729
"F:\AlphaProject\_PythonML\MidiGAN\gan_results\conv_gan_1.1\title\midi\run5\run5_epoch16_4.mid",0.00375
"F:\AlphaProject\_PythonML\MidiGAN\gan_results\conv_gan_1.1\title\midi\run5\run5_epoch16_5.mid",0.005
"F:\AlphaProject\_PythonML\MidiGAN\gan_results\conv_gan_1.1\title\midi\run5\run5_epoch16_6.mid",0.005104
"F:\AlphaProject\_PythonML\MidiGAN\gan_results\conv_gan_1.1\title\midi\run5\run5_epoch16_7.mid",0.005313
"F:\AlphaProject\_PythonML\MidiGAN\gan_results\conv_gan_1.1\title\midi\run5\run5_epoch16_8.mid",0.004167
"F:\AlphaProject\_PythonML\MidiGAN\gan_results\conv_gan_1.1\title\midi\run5\run5_epoch16_9.mid",0.005104
"F:\AlphaProject\_PythonML\MidiGAN\gan_results\conv_gan_1.1\title\midi\run5\run5_epoch2048_1.mid",0.09625
"F:\AlphaProject\_PythonML\MidiGAN\gan_results\conv_gan_1.1\title\midi\run5\run5_epoch2048_10.mid",0.1049
"F:\AlphaProject\_PythonML\MidiGAN\gan_results\conv_gan_1.1\title\midi\run5\run5_epoch2048_11.mid",0.1239
"F:\AlphaProject\_PythonML\MidiGAN\gan_results\conv_gan_1.1\title\midi\run5\run5_epoch2048_12.mid",0.1402
"F:\AlphaProject\_PythonML\MidiGAN\gan_results\conv_gan_1.1\title\midi\run5\run5_epoch2048_13.mid",0.1036
"F:\AlphaProject\_PythonML\MidiGAN\gan_results\conv_gan_1.1\title\midi\run5\run5_epoch2048_14.mid",0.1146
"F:\AlphaProject\_PythonML\MidiGAN\gan_results\conv_gan_1.1\title\midi\run5\run5_epoch2048_15.mid",0.1246
"F:\AlphaProject\_PythonML\MidiGAN\gan_results\conv_gan_1.1\title\midi\run5\run5_epoch2048_16.mid",0.1181
"F:\AlphaProject\_PythonML\MidiGAN\gan_results\conv_gan_1.1\title\midi\run5\run5_epoch2048_2.mid",0.1133
"F:\AlphaProject\_PythonML\MidiGAN\gan_results\conv_gan_1.1\title\midi\run5\run5_epoch2048_3.mid",0.1228
"F:\AlphaProject\_PythonML\MidiGAN\gan_results\conv_gan_1.1\title\midi\run5\run5_epoch2048_4.mid",0.1195
"F:\AlphaProject\_PythonML\MidiGAN\gan_results\conv_gan_1.1\title\midi\run5\run5_epoch2048_5.mid",0.1153
"F:\AlphaProject\_PythonML\MidiGAN\gan_results\conv_gan_1.1\title\midi\run5\run5_epoch2048_6.mid",0.1291
"F:\AlphaProject\_PythonML\MidiGAN\gan_results\conv_gan_1.1\title\midi\run5\run5_epoch2048_7.mid",0.1328
"F:\AlphaProject\_PythonML\MidiGAN\gan_results\conv_gan_1.1\title\midi\run5\run5_epoch2048_8.mid",0.12
"F:\AlphaProject\_PythonML\MidiGAN\gan_results\conv_gan_1.1\title\midi\run5\run5_epoch2048_9.mid",0.1084
"F:\AlphaProject\_PythonML\MidiGAN\gan_results\conv_gan_1.1\title\midi\run5\run5_epoch2500_1.mid",0.2174
"F:\AlphaProject\_PythonML\MidiGAN\gan_results\conv_gan_1.1\title\midi\run5\run5_epoch2500_10.mid",0.2059
"F:\AlphaProject\_PythonML\MidiGAN\gan_results\conv_gan_1.1\title\midi\run5\run5_epoch2500_11.mid",0.2564
"F:\AlphaProject\_PythonML\MidiGAN\gan_results\conv_gan_1.1\title\midi\run5\run5_epoch2500_12.mid",0.2188
"F:\AlphaProject\_PythonML\MidiGAN\gan_results\conv_gan_1.1\title\midi\run5\run5_epoch2500_13.mid",0.2236
"F:\AlphaProject\_PythonML\MidiGAN\gan_results\conv_gan_1.1\title\midi\run5\run5_epoch2500_14.mid",0.2395
"F:\AlphaProject\_PythonML\MidiGAN\gan_results\conv_gan_1.1\title\midi\run5\run5_epoch2500_15.mid",0.1958
"F:\AlphaProject\_PythonML\MidiGAN\gan_results\conv_gan_1.1\title\midi\run5\run5_epoch2500_16.mid",0.2142
"F:\AlphaProject\_PythonML\MidiGAN\gan_results\conv_gan_1.1\title\midi\run5\run5_epoch2500_2.mid",0.2346
"F:\AlphaProject\_PythonML\MidiGAN\gan_results\conv_gan_1.1\title\midi\run5\run5_epoch2500_3.mid",0.2128
"F:\AlphaProject\_PythonML\MidiGAN\gan_results\conv_gan_1.1\title\midi\run5\run5_epoch2500_4.mid",0.1901
"F:\AlphaProject\_PythonML\MidiGAN\gan_results\conv_gan_1.1\title\midi\run5\run5_epoch2500_5.mid",0.2645
"F:\AlphaProject\_PythonML\MidiGAN\gan_results\conv_gan_1.1\title\midi\run5\run5_epoch2500_6.mid",0.2161
"F:\AlphaProject\_PythonML\MidiGAN\gan_results\conv_gan_1.1\title\midi\run5\run5_epoch2500_7.mid",0.2156
"F:\AlphaProject\_PythonML\MidiGAN\gan_results\conv_gan_1.1\title\midi\run5\run5_epoch2500_8.mid",0.2169
"F:\AlphaProject\_PythonML\MidiGAN\gan_results\conv_gan_1.1\title\midi\run5\run5_epoch2500_9.mid",0.2227
"F:\AlphaProject\_PythonML\MidiGAN\gan_results\conv_gan_1.1\title\midi\run5\run5_epoch3000_1.mid",0.2271
"F:\AlphaProject\_PythonML\MidiGAN\gan_results\conv_gan_1.1\title\midi\run5\run5_epoch3000_10.mid",0.2319
"F:\AlphaProject\_PythonML\MidiGAN\gan_results\conv_gan_1.1\title\midi\run5\run5_epoch3000_11.mid",0.2351
"F:\AlphaProject\_PythonML\MidiGAN\gan_results\conv_gan_1.1\title\midi\run5\run5_epoch3000_12.mid",0.2457
"F:\AlphaProject\_PythonML\MidiGAN\gan_results\conv_gan_1.1\title\midi\run5\run5_epoch3000_13.mid",0.2173
"F:\AlphaProject\_PythonML\MidiGAN\gan_results\conv_gan_1.1\title\midi\run5\run5_epoch3000_14.mid",0.2291
"F:\AlphaProject\_PythonML\MidiGAN\gan_results\conv_gan_1.1\title\midi\run5\run5_epoch3000_15.mid",0.2312
"F:\AlphaProject\_PythonML\MidiGAN\gan_results\conv_gan_1.1\title\midi\run5\run5_epoch3000_16.mid",0.2401
"F:\AlphaProject\_PythonML\MidiGAN\gan_results\conv_gan_1.1\title\midi\run5\run5_epoch3000_2.mid",0.2444
"F:\AlphaProject\_PythonML\MidiGAN\gan_results\conv_gan_1.1\title\midi\run5\run5_epoch3000_3.mid",0.2156
"F:\AlphaProject\_PythonML\MidiGAN\gan_results\conv_gan_1.1\title\midi\run5\run5_epoch3000_4.mid",0.2489
"F:\AlphaProject\_PythonML\MidiGAN\gan_results\conv_gan_1.1\title\midi\run5\run5_epoch3000_5.mid",0.2116
"F:\AlphaProject\_PythonML\MidiGAN\gan_results\conv_gan_1.1\title\midi\run5\run5_epoch3000_6.mid",0.2527
"F:\AlphaProject\_PythonML\MidiGAN\gan_results\conv_gan_1.1\title\midi\run5\run5_epoch3000_7.mid",0.2341
"F:\AlphaProject\_PythonML\MidiGAN\gan_results\conv_gan_1.1\title\midi\run5\run5_epoch3000_8.mid",0.2313
"F:\AlphaProject\_PythonML\MidiGAN\gan_results\conv_gan_1.1\title\midi\run5\run5_epoch3000_9.mid",0.2259
"F:\AlphaProject\_PythonML\MidiGAN\gan_results\conv_gan_1.1\title\midi\run5\run5_epoch300_1.mid",0.0801
"F:\AlphaProject\_PythonML\MidiGAN\gan_results\conv_gan_1.1\title\midi\run5\run5_epoch300_10.mid",0.08854
"F:\AlphaProject\_PythonML\MidiGAN\gan_results\conv_gan_1.1\title\midi\run5\run5_epoch300_11.mid",0.09167
"F:\AlphaProject\_PythonML\MidiGAN\gan_results\conv_gan_1.1\title\midi\run5\run5_epoch300_12.mid",0.08438
"F:\AlphaProject\_PythonML\MidiGAN\gan_results\conv_gan_1.1\title\midi\run5\run5_epoch300_13.mid",0.07396
"F:\AlphaProject\_PythonML\MidiGAN\gan_results\conv_gan_1.1\title\midi\run5\run5_epoch300_14.mid",0.08323
"F:\AlphaProject\_PythonML\MidiGAN\gan_results\conv_gan_1.1\title\midi\run5\run5_epoch300_15.mid",0.07177
"F:\AlphaProject\_PythonML\MidiGAN\gan_results\conv_gan_1.1\title\midi\run5\run5_epoch300_16.mid",0.07854
"F:\AlphaProject\_PythonML\MidiGAN\gan_results\conv_gan_1.1\title\midi\run5\run5_epoch300_2.mid",0.09406
"F:\AlphaProject\_PythonML\MidiGAN\gan_results\conv_gan_1.1\title\midi\run5\run5_epoch300_3.mid",0.07844
"F:\AlphaProject\_PythonML\MidiGAN\gan_results\conv_gan_1.1\title\midi\run5\run5_epoch300_4.mid",0.07823
"F:\AlphaProject\_PythonML\MidiGAN\gan_results\conv_gan_1.1\title\midi\run5\run5_epoch300_5.mid",0.07458
"F:\AlphaProject\_PythonML\MidiGAN\gan_results\conv_gan_1.1\title\midi\run5\run5_epoch300_6.mid",0.07917
"F:\AlphaProject\_PythonML\MidiGAN\gan_results\conv_gan_1.1\title\midi\run5\run5_epoch300_7.mid",0.08833
"F:\AlphaProject\_PythonML\MidiGAN\gan_results\conv_gan_1.1\title\midi\run5\run5_epoch300_8.mid",0.08469
"F:\AlphaProject\_PythonML\MidiGAN\gan_results\conv_gan_1.1\title\midi\run5\run5_epoch300_9.mid",0.08719
"F:\AlphaProject\_PythonML\MidiGAN\gan_results\conv_gan_1.1\title\midi\run5\run5_epoch3500_1.mid",0.06677
"F:\AlphaProject\_PythonML\MidiGAN\gan_results\conv_gan_1.1\title\midi\run5\run5_epoch3500_10.mid",0.0776
"F:\AlphaProject\_PythonML\MidiGAN\gan_results\conv_gan_1.1\title\midi\run5\run5_epoch3500_11.mid",0.06917
"F:\AlphaProject\_PythonML\MidiGAN\gan_results\conv_gan_1.1\title\midi\run5\run5_epoch3500_12.mid",0.06438
"F:\AlphaProject\_PythonML\MidiGAN\gan_results\conv_gan_1.1\title\midi\run5\run5_epoch3500_13.mid",0.07021
"F:\AlphaProject\_PythonML\MidiGAN\gan_results\conv_gan_1.1\title\midi\run5\run5_epoch3500_14.mid",0.06354
"F:\AlphaProject\_PythonML\MidiGAN\gan_results\conv_gan_1.1\title\midi\run5\run5_epoch3500_15.mid",0.06813
"F:\AlphaProject\_PythonML\MidiGAN\gan_results\conv_gan_1.1\title\midi\run5\run5_epoch3500_16.mid",0.07458
"F:\AlphaProject\_PythonML\MidiGAN\gan_results\conv_gan_1.1\title\midi\run5\run5_epoch3500_2.mid",0.06323
"F:\AlphaProject\_PythonML\MidiGAN\gan_results\conv_gan_1.1\title\midi\run5\run5_epoch3500_3.mid",0.0751
"F:\AlphaProject\_PythonML\MidiGAN\gan_results\conv_gan_1.1\title\midi\run5\run5_epoch3500_4.mid",0.07521
"F:\AlphaProject\_PythonML\MidiGAN\gan_results\conv_gan_1.1\title\midi\run5\run5_epoch3500_5.mid",0.06104
"F:\AlphaProject\_PythonML\MidiGAN\gan_results\conv_gan_1.1\title\midi\run5\run5_epoch3500_6.mid",0.08396
"F:\AlphaProject\_PythonML\MidiGAN\gan_results\conv_gan_1.1\title\midi\run5\run5_epoch3500_7.mid",0.06792
"F:\AlphaProject\_PythonML\MidiGAN\gan_results\conv_gan_1.1\title\midi\run5\run5_epoch3500_8.mid",0.07333
"F:\AlphaProject\_PythonML\MidiGAN\gan_results\conv_gan_1.1\title\midi\run5\run5_epoch3500_9.mid",0.06385
"F:\AlphaProject\_PythonML\MidiGAN\gan_results\conv_gan_1.1\title\midi\run5\run5_epoch50_1.mid",0.01729
"F:\AlphaProject\_PythonML\MidiGAN\gan_results\conv_gan_1.1\title\midi\run5\run5_epoch50_10.mid",0.01958
"F:\AlphaProject\_PythonML\MidiGAN\gan_results\conv_gan_1.1\title\midi\run5\run5_epoch50_11.mid",0.01927
"F:\AlphaProject\_PythonML\MidiGAN\gan_results\conv_gan_1.1\title\midi\run5\run5_epoch50_12.mid",0.02052
"F:\AlphaProject\_PythonML\MidiGAN\gan_results\conv_gan_1.1\title\midi\run5\run5_epoch50_13.mid",0.02042
"F:\AlphaProject\_PythonML\MidiGAN\gan_results\conv_gan_1.1\title\midi\run5\run5_epoch50_14.mid",0.01938
"F:\AlphaProject\_PythonML\MidiGAN\gan_results\conv_gan_1.1\title\midi\run5\run5_epoch50_15.mid",0.0226
"F:\AlphaProject\_PythonML\MidiGAN\gan_results\conv_gan_1.1\title\midi\run5\run5_epoch50_16.mid",0.02156
"F:\AlphaProject\_PythonML\MidiGAN\gan_results\conv_gan_1.1\title\midi\run5\run5_epoch50_2.mid",0.01573
"F:\AlphaProject\_PythonML\MidiGAN\gan_results\conv_gan_1.1\title\midi\run5\run5_epoch50_3.mid",0.02312
"F:\AlphaProject\_PythonML\MidiGAN\gan_results\conv_gan_1.1\title\midi\run5\run5_epoch50_4.mid",0.01958
"F:\AlphaProject\_PythonML\MidiGAN\gan_results\conv_gan_1.1\title\midi\run5\run5_epoch50_5.mid",0.02062
"F:\AlphaProject\_PythonML\MidiGAN\gan_results\conv_gan_1.1\title\midi\run5\run5_epoch50_6.mid",0.02271
"F:\AlphaProject\_PythonML\MidiGAN\gan_results\conv_gan_1.1\title\midi\run5\run5_epoch50_7.mid",0.02469
"F:\AlphaProject\_PythonML\MidiGAN\gan_results\conv_gan_1.1\title\midi\run5\run5_epoch50_8.mid",0.01896
"F:\AlphaProject\_PythonML\MidiGAN\gan_results\conv_gan_1.1\title\midi\run5\run5_epoch50_9.mid",0.02094
"F:\AlphaProject\_PythonML\MidiGAN\gan_results\conv_gan_1.1\title\midi\run5\run5_epoch700_1.mid",0.08927
"F:\AlphaProject\_PythonML\MidiGAN\gan_results\conv_gan_1.1\title\midi\run5\run5_epoch700_10.mid",0.08115
"F:\AlphaProject\_PythonML\MidiGAN\gan_results\conv_gan_1.1\title\midi\run5\run5_epoch700_11.mid",0.07552
"F:\AlphaProject\_PythonML\MidiGAN\gan_results\conv_gan_1.1\title\midi\run5\run5_epoch700_12.mid",0.08677
"F:\AlphaProject\_PythonML\MidiGAN\gan_results\conv_gan_1.1\title\midi\run5\run5_epoch700_13.mid",0.09677
"F:\AlphaProject\_PythonML\MidiGAN\gan_results\conv_gan_1.1\title\midi\run5\run5_epoch700_14.mid",0.08802
"F:\AlphaProject\_PythonML\MidiGAN\gan_results\conv_gan_1.1\title\midi\run5\run5_epoch700_15.mid",0.09104
"F:\AlphaProject\_PythonML\MidiGAN\gan_results\conv_gan_1.1\title\midi\run5\run5_epoch700_16.mid",0.09688
"F:\AlphaProject\_PythonML\MidiGAN\gan_results\conv_gan_1.1\title\midi\run5\run5_epoch700_2.mid",0.09135
"F:\AlphaProject\_PythonML\MidiGAN\gan_results\conv_gan_1.1\title\midi\run5\run5_epoch700_3.mid",0.08979
"F:\AlphaProject\_PythonML\MidiGAN\gan_results\conv_gan_1.1\title\midi\run5\run5_epoch700_4.mid",0.08625
"F:\AlphaProject\_PythonML\MidiGAN\gan_results\conv_gan_1.1\title\midi\run5\run5_epoch700_5.mid",0.07552
"F:\AlphaProject\_PythonML\MidiGAN\gan_results\conv_gan_1.1\title\midi\run5\run5_epoch700_6.mid",0.09542
"F:\AlphaProject\_PythonML\MidiGAN\gan_results\conv_gan_1.1\title\midi\run5\run5_epoch700_7.mid",0.0901
"F:\AlphaProject\_PythonML\MidiGAN\gan_results\conv_gan_1.1\title\midi\run5\run5_epoch700_8.mid",0.09656
"F:\AlphaProject\_PythonML\MidiGAN\gan_results\conv_gan_1.1\title\midi\run5\run5_epoch700_9.mid",0.1024
