,Average_Note_Duration
"F:\AlphaProject\_PythonML\MidiGAN\gan_results\conv_gan_1.1\title\midi\run6\run6_epoch100_1.mid",0.06437
"F:\AlphaProject\_PythonML\MidiGAN\gan_results\conv_gan_1.1\title\midi\run6\run6_epoch100_10.mid",0.06667
"F:\AlphaProject\_PythonML\MidiGAN\gan_results\conv_gan_1.1\title\midi\run6\run6_epoch100_11.mid",0.06
"F:\AlphaProject\_PythonML\MidiGAN\gan_results\conv_gan_1.1\title\midi\run6\run6_epoch100_12.mid",0.07021
"F:\AlphaProject\_PythonML\MidiGAN\gan_results\conv_gan_1.1\title\midi\run6\run6_epoch100_13.mid",0.06573
"F:\AlphaProject\_PythonML\MidiGAN\gan_results\conv_gan_1.1\title\midi\run6\run6_epoch100_14.mid",0.06365
"F:\AlphaProject\_PythonML\MidiGAN\gan_results\conv_gan_1.1\title\midi\run6\run6_epoch100_15.mid",0.05271
"F:\AlphaProject\_PythonML\MidiGAN\gan_results\conv_gan_1.1\title\midi\run6\run6_epoch100_16.mid",0.0625
"F:\AlphaProject\_PythonML\MidiGAN\gan_results\conv_gan_1.1\title\midi\run6\run6_epoch100_2.mid",0.04917
"F:\AlphaProject\_PythonML\MidiGAN\gan_results\conv_gan_1.1\title\midi\run6\run6_epoch100_3.mid",0.0575
"F:\AlphaProject\_PythonML\MidiGAN\gan_results\conv_gan_1.1\title\midi\run6\run6_epoch100_4.mid",0.05708
"F:\AlphaProject\_PythonML\MidiGAN\gan_results\conv_gan_1.1\title\midi\run6\run6_epoch100_5.mid",0.06365
"F:\AlphaProject\_PythonML\MidiGAN\gan_results\conv_gan_1.1\title\midi\run6\run6_epoch100_6.mid",0.05156
"F:\AlphaProject\_PythonML\MidiGAN\gan_results\conv_gan_1.1\title\midi\run6\run6_epoch100_7.mid",0.07615
"F:\AlphaProject\_PythonML\MidiGAN\gan_results\conv_gan_1.1\title\midi\run6\run6_epoch100_8.mid",0.05781
"F:\AlphaProject\_PythonML\MidiGAN\gan_results\conv_gan_1.1\title\midi\run6\run6_epoch100_9.mid",0.06708
"F:\AlphaProject\_PythonML\MidiGAN\gan_results\conv_gan_1.1\title\midi\run6\run6_epoch1024_1.mid",0.1472
"F:\AlphaProject\_PythonML\MidiGAN\gan_results\conv_gan_1.1\title\midi\run6\run6_epoch1024_10.mid",0.1558
"F:\AlphaProject\_PythonML\MidiGAN\gan_results\conv_gan_1.1\title\midi\run6\run6_epoch1024_11.mid",0.1506
"F:\AlphaProject\_PythonML\MidiGAN\gan_results\conv_gan_1.1\title\midi\run6\run6_epoch1024_12.mid",0.1354
"F:\AlphaProject\_PythonML\MidiGAN\gan_results\conv_gan_1.1\title\midi\run6\run6_epoch1024_13.mid",0.1478
"F:\AlphaProject\_PythonML\MidiGAN\gan_results\conv_gan_1.1\title\midi\run6\run6_epoch1024_14.mid",0.1356
"F:\AlphaProject\_PythonML\MidiGAN\gan_results\conv_gan_1.1\title\midi\run6\run6_epoch1024_15.mid",0.1485
"F:\AlphaProject\_PythonML\MidiGAN\gan_results\conv_gan_1.1\title\midi\run6\run6_epoch1024_16.mid",0.1415
"F:\AlphaProject\_PythonML\MidiGAN\gan_results\conv_gan_1.1\title\midi\run6\run6_epoch1024_2.mid",0.1566
"F:\AlphaProject\_PythonML\MidiGAN\gan_results\conv_gan_1.1\title\midi\run6\run6_epoch1024_3.mid",0.139
"F:\AlphaProject\_PythonML\MidiGAN\gan_results\conv_gan_1.1\title\midi\run6\run6_epoch1024_4.mid",0.1419
"F:\AlphaProject\_PythonML\MidiGAN\gan_results\conv_gan_1.1\title\midi\run6\run6_epoch1024_5.mid",0.1659
"F:\AlphaProject\_PythonML\MidiGAN\gan_results\conv_gan_1.1\title\midi\run6\run6_epoch1024_6.mid",0.1631
"F:\AlphaProject\_PythonML\MidiGAN\gan_results\conv_gan_1.1\title\midi\run6\run6_epoch1024_7.mid",0.1446
"F:\AlphaProject\_PythonML\MidiGAN\gan_results\conv_gan_1.1\title\midi\run6\run6_epoch1024_8.mid",0.1525
"F:\AlphaProject\_PythonML\MidiGAN\gan_results\conv_gan_1.1\title\midi\run6\run6_epoch1024_9.mid",0.1276
"F:\AlphaProject\_PythonML\MidiGAN\gan_results\conv_gan_1.1\title\midi\run6\run6_epoch16_1.mid",0.004167
"F:\AlphaProject\_PythonML\MidiGAN\gan_results\conv_gan_1.1\title\midi\run6\run6_epoch16_10.mid",0.004583
"F:\AlphaProject\_PythonML\MidiGAN\gan_results\conv_gan_1.1\title\midi\run6\run6_epoch16_11.mid",0.005
"F:\AlphaProject\_PythonML\MidiGAN\gan_results\conv_gan_1.1\title\midi\run6\run6_epoch16_12.mid",0.004583
"F:\AlphaProject\_PythonML\MidiGAN\gan_results\conv_gan_1.1\title\midi\run6\run6_epoch16_13.mid",0.005104
"F:\AlphaProject\_PythonML\MidiGAN\gan_results\conv_gan_1.1\title\midi\run6\run6_epoch16_14.mid",0.004583
"F:\AlphaProject\_PythonML\MidiGAN\gan_results\conv_gan_1.1\title\midi\run6\run6_epoch16_15.mid",0.004167
"F:\AlphaProject\_PythonML\MidiGAN\gan_results\conv_gan_1.1\title\midi\run6\run6_epoch16_16.mid",0.005
"F:\AlphaProject\_PythonML\MidiGAN\gan_results\conv_gan_1.1\title\midi\run6\run6_epoch16_2.mid",0.004688
"F:\AlphaProject\_PythonML\MidiGAN\gan_results\conv_gan_1.1\title\midi\run6\run6_epoch16_3.mid",0.004792
"F:\AlphaProject\_PythonML\MidiGAN\gan_results\conv_gan_1.1\title\midi\run6\run6_epoch16_4.mid",0.005417
"F:\AlphaProject\_PythonML\MidiGAN\gan_results\conv_gan_1.1\title\midi\run6\run6_epoch16_5.mid",0.004792
"F:\AlphaProject\_PythonML\MidiGAN\gan_results\conv_gan_1.1\title\midi\run6\run6_epoch16_6.mid",0.004792
"F:\AlphaProject\_PythonML\MidiGAN\gan_results\conv_gan_1.1\title\midi\run6\run6_epoch16_7.mid",0.003958
"F:\AlphaProject\_PythonML\MidiGAN\gan_results\conv_gan_1.1\title\midi\run6\run6_epoch16_8.mid",0.003646
"F:\AlphaProject\_PythonML\MidiGAN\gan_results\conv_gan_1.1\title\midi\run6\run6_epoch16_9.mid",0.004479
"F:\AlphaProject\_PythonML\MidiGAN\gan_results\conv_gan_1.1\title\midi\run6\run6_epoch2048_1.mid",0.2204
"F:\AlphaProject\_PythonML\MidiGAN\gan_results\conv_gan_1.1\title\midi\run6\run6_epoch2048_10.mid",0.2152
"F:\AlphaProject\_PythonML\MidiGAN\gan_results\conv_gan_1.1\title\midi\run6\run6_epoch2048_11.mid",0.2103
"F:\AlphaProject\_PythonML\MidiGAN\gan_results\conv_gan_1.1\title\midi\run6\run6_epoch2048_12.mid",0.2107
"F:\AlphaProject\_PythonML\MidiGAN\gan_results\conv_gan_1.1\title\midi\run6\run6_epoch2048_13.mid",0.2148
"F:\AlphaProject\_PythonML\MidiGAN\gan_results\conv_gan_1.1\title\midi\run6\run6_epoch2048_14.mid",0.1855
"F:\AlphaProject\_PythonML\MidiGAN\gan_results\conv_gan_1.1\title\midi\run6\run6_epoch2048_15.mid",0.2081
"F:\AlphaProject\_PythonML\MidiGAN\gan_results\conv_gan_1.1\title\midi\run6\run6_epoch2048_16.mid",0.2069
"F:\AlphaProject\_PythonML\MidiGAN\gan_results\conv_gan_1.1\title\midi\run6\run6_epoch2048_2.mid",0.194
"F:\AlphaProject\_PythonML\MidiGAN\gan_results\conv_gan_1.1\title\midi\run6\run6_epoch2048_3.mid",0.2083
"F:\AlphaProject\_PythonML\MidiGAN\gan_results\conv_gan_1.1\title\midi\run6\run6_epoch2048_4.mid",0.1956
"F:\AlphaProject\_PythonML\MidiGAN\gan_results\conv_gan_1.1\title\midi\run6\run6_epoch2048_5.mid",0.2109
"F:\AlphaProject\_PythonML\MidiGAN\gan_results\conv_gan_1.1\title\midi\run6\run6_epoch2048_6.mid",0.207
"F:\AlphaProject\_PythonML\MidiGAN\gan_results\conv_gan_1.1\title\midi\run6\run6_epoch2048_7.mid",0.1986
"F:\AlphaProject\_PythonML\MidiGAN\gan_results\conv_gan_1.1\title\midi\run6\run6_epoch2048_8.mid",0.2017
"F:\AlphaProject\_PythonML\MidiGAN\gan_results\conv_gan_1.1\title\midi\run6\run6_epoch2048_9.mid",0.2006
"F:\AlphaProject\_PythonML\MidiGAN\gan_results\conv_gan_1.1\title\midi\run6\run6_epoch2500_1.mid",0.2241
"F:\AlphaProject\_PythonML\MidiGAN\gan_results\conv_gan_1.1\title\midi\run6\run6_epoch2500_10.mid",0.2345
"F:\AlphaProject\_PythonML\MidiGAN\gan_results\conv_gan_1.1\title\midi\run6\run6_epoch2500_11.mid",0.2355
"F:\AlphaProject\_PythonML\MidiGAN\gan_results\conv_gan_1.1\title\midi\run6\run6_epoch2500_12.mid",0.2237
"F:\AlphaProject\_PythonML\MidiGAN\gan_results\conv_gan_1.1\title\midi\run6\run6_epoch2500_13.mid",0.2286
"F:\AlphaProject\_PythonML\MidiGAN\gan_results\conv_gan_1.1\title\midi\run6\run6_epoch2500_14.mid",0.2331
"F:\AlphaProject\_PythonML\MidiGAN\gan_results\conv_gan_1.1\title\midi\run6\run6_epoch2500_15.mid",0.2045
"F:\AlphaProject\_PythonML\MidiGAN\gan_results\conv_gan_1.1\title\midi\run6\run6_epoch2500_16.mid",0.2333
"F:\AlphaProject\_PythonML\MidiGAN\gan_results\conv_gan_1.1\title\midi\run6\run6_epoch2500_2.mid",0.2363
"F:\AlphaProject\_PythonML\MidiGAN\gan_results\conv_gan_1.1\title\midi\run6\run6_epoch2500_3.mid",0.2432
"F:\AlphaProject\_PythonML\MidiGAN\gan_results\conv_gan_1.1\title\midi\run6\run6_epoch2500_4.mid",0.2252
"F:\AlphaProject\_PythonML\MidiGAN\gan_results\conv_gan_1.1\title\midi\run6\run6_epoch2500_5.mid",0.2336
"F:\AlphaProject\_PythonML\MidiGAN\gan_results\conv_gan_1.1\title\midi\run6\run6_epoch2500_6.mid",0.2241
"F:\AlphaProject\_PythonML\MidiGAN\gan_results\conv_gan_1.1\title\midi\run6\run6_epoch2500_7.mid",0.2286
"F:\AlphaProject\_PythonML\MidiGAN\gan_results\conv_gan_1.1\title\midi\run6\run6_epoch2500_8.mid",0.229
"F:\AlphaProject\_PythonML\MidiGAN\gan_results\conv_gan_1.1\title\midi\run6\run6_epoch2500_9.mid",0.2386
"F:\AlphaProject\_PythonML\MidiGAN\gan_results\conv_gan_1.1\title\midi\run6\run6_epoch3000_1.mid",0.1916
"F:\AlphaProject\_PythonML\MidiGAN\gan_results\conv_gan_1.1\title\midi\run6\run6_epoch3000_10.mid",0.1946
"F:\AlphaProject\_PythonML\MidiGAN\gan_results\conv_gan_1.1\title\midi\run6\run6_epoch3000_11.mid",0.2092
"F:\AlphaProject\_PythonML\MidiGAN\gan_results\conv_gan_1.1\title\midi\run6\run6_epoch3000_12.mid",0.1956
"F:\AlphaProject\_PythonML\MidiGAN\gan_results\conv_gan_1.1\title\midi\run6\run6_epoch3000_13.mid",0.2026
"F:\AlphaProject\_PythonML\MidiGAN\gan_results\conv_gan_1.1\title\midi\run6\run6_epoch3000_14.mid",0.1986
"F:\AlphaProject\_PythonML\MidiGAN\gan_results\conv_gan_1.1\title\midi\run6\run6_epoch3000_15.mid",0.1999
"F:\AlphaProject\_PythonML\MidiGAN\gan_results\conv_gan_1.1\title\midi\run6\run6_epoch3000_16.mid",0.2001
"F:\AlphaProject\_PythonML\MidiGAN\gan_results\conv_gan_1.1\title\midi\run6\run6_epoch3000_2.mid",0.2025
"F:\AlphaProject\_PythonML\MidiGAN\gan_results\conv_gan_1.1\title\midi\run6\run6_epoch3000_3.mid",0.2039
"F:\AlphaProject\_PythonML\MidiGAN\gan_results\conv_gan_1.1\title\midi\run6\run6_epoch3000_4.mid",0.209
"F:\AlphaProject\_PythonML\MidiGAN\gan_results\conv_gan_1.1\title\midi\run6\run6_epoch3000_5.mid",0.2056
"F:\AlphaProject\_PythonML\MidiGAN\gan_results\conv_gan_1.1\title\midi\run6\run6_epoch3000_6.mid",0.1993
"F:\AlphaProject\_PythonML\MidiGAN\gan_results\conv_gan_1.1\title\midi\run6\run6_epoch3000_7.mid",0.198
"F:\AlphaProject\_PythonML\MidiGAN\gan_results\conv_gan_1.1\title\midi\run6\run6_epoch3000_8.mid",0.2026
"F:\AlphaProject\_PythonML\MidiGAN\gan_results\conv_gan_1.1\title\midi\run6\run6_epoch3000_9.mid",0.1985
"F:\AlphaProject\_PythonML\MidiGAN\gan_results\conv_gan_1.1\title\midi\run6\run6_epoch300_1.mid",0.02927
"F:\AlphaProject\_PythonML\MidiGAN\gan_results\conv_gan_1.1\title\midi\run6\run6_epoch300_10.mid",0.02687
"F:\AlphaProject\_PythonML\MidiGAN\gan_results\conv_gan_1.1\title\midi\run6\run6_epoch300_11.mid",0.025
"F:\AlphaProject\_PythonML\MidiGAN\gan_results\conv_gan_1.1\title\midi\run6\run6_epoch300_12.mid",0.02667
"F:\AlphaProject\_PythonML\MidiGAN\gan_results\conv_gan_1.1\title\midi\run6\run6_epoch300_13.mid",0.03104
"F:\AlphaProject\_PythonML\MidiGAN\gan_results\conv_gan_1.1\title\midi\run6\run6_epoch300_14.mid",0.02885
"F:\AlphaProject\_PythonML\MidiGAN\gan_results\conv_gan_1.1\title\midi\run6\run6_epoch300_15.mid",0.02646
"F:\AlphaProject\_PythonML\MidiGAN\gan_results\conv_gan_1.1\title\midi\run6\run6_epoch300_16.mid",0.0276
"F:\AlphaProject\_PythonML\MidiGAN\gan_results\conv_gan_1.1\title\midi\run6\run6_epoch300_2.mid",0.02813
"F:\AlphaProject\_PythonML\MidiGAN\gan_results\conv_gan_1.1\title\midi\run6\run6_epoch300_3.mid",0.03104
"F:\AlphaProject\_PythonML\MidiGAN\gan_results\conv_gan_1.1\title\midi\run6\run6_epoch300_4.mid",0.02583
"F:\AlphaProject\_PythonML\MidiGAN\gan_results\conv_gan_1.1\title\midi\run6\run6_epoch300_5.mid",0.02792
"F:\AlphaProject\_PythonML\MidiGAN\gan_results\conv_gan_1.1\title\midi\run6\run6_epoch300_6.mid",0.0276
"F:\AlphaProject\_PythonML\MidiGAN\gan_results\conv_gan_1.1\title\midi\run6\run6_epoch300_7.mid",0.02938
"F:\AlphaProject\_PythonML\MidiGAN\gan_results\conv_gan_1.1\title\midi\run6\run6_epoch300_8.mid",0.0299
"F:\AlphaProject\_PythonML\MidiGAN\gan_results\conv_gan_1.1\title\midi\run6\run6_epoch300_9.mid",0.02781
"F:\AlphaProject\_PythonML\MidiGAN\gan_results\conv_gan_1.1\title\midi\run6\run6_epoch3500_1.mid",0.1477
"F:\AlphaProject\_PythonML\MidiGAN\gan_results\conv_gan_1.1\title\midi\run6\run6_epoch3500_10.mid",0.1481
"F:\AlphaProject\_PythonML\MidiGAN\gan_results\conv_gan_1.1\title\midi\run6\run6_epoch3500_11.mid",0.1457
"F:\AlphaProject\_PythonML\MidiGAN\gan_results\conv_gan_1.1\title\midi\run6\run6_epoch3500_12.mid",0.1411
"F:\AlphaProject\_PythonML\MidiGAN\gan_results\conv_gan_1.1\title\midi\run6\run6_epoch3500_13.mid",0.159
"F:\AlphaProject\_PythonML\MidiGAN\gan_results\conv_gan_1.1\title\midi\run6\run6_epoch3500_14.mid",0.1494
"F:\AlphaProject\_PythonML\MidiGAN\gan_results\conv_gan_1.1\title\midi\run6\run6_epoch3500_15.mid",0.1559
"F:\AlphaProject\_PythonML\MidiGAN\gan_results\conv_gan_1.1\title\midi\run6\run6_epoch3500_16.mid",0.1533
"F:\AlphaProject\_PythonML\MidiGAN\gan_results\conv_gan_1.1\title\midi\run6\run6_epoch3500_2.mid",0.1581
"F:\AlphaProject\_PythonML\MidiGAN\gan_results\conv_gan_1.1\title\midi\run6\run6_epoch3500_3.mid",0.1498
"F:\AlphaProject\_PythonML\MidiGAN\gan_results\conv_gan_1.1\title\midi\run6\run6_epoch3500_4.mid",0.1462
"F:\AlphaProject\_PythonML\MidiGAN\gan_results\conv_gan_1.1\title\midi\run6\run6_epoch3500_5.mid",0.1512
"F:\AlphaProject\_PythonML\MidiGAN\gan_results\conv_gan_1.1\title\midi\run6\run6_epoch3500_6.mid",0.1577
"F:\AlphaProject\_PythonML\MidiGAN\gan_results\conv_gan_1.1\title\midi\run6\run6_epoch3500_7.mid",0.1485
"F:\AlphaProject\_PythonML\MidiGAN\gan_results\conv_gan_1.1\title\midi\run6\run6_epoch3500_8.mid",0.1464
"F:\AlphaProject\_PythonML\MidiGAN\gan_results\conv_gan_1.1\title\midi\run6\run6_epoch3500_9.mid",0.1664
"F:\AlphaProject\_PythonML\MidiGAN\gan_results\conv_gan_1.1\title\midi\run6\run6_epoch50_1.mid",0.02937
"F:\AlphaProject\_PythonML\MidiGAN\gan_results\conv_gan_1.1\title\midi\run6\run6_epoch50_10.mid",0.02427
"F:\AlphaProject\_PythonML\MidiGAN\gan_results\conv_gan_1.1\title\midi\run6\run6_epoch50_11.mid",0.01646
"F:\AlphaProject\_PythonML\MidiGAN\gan_results\conv_gan_1.1\title\midi\run6\run6_epoch50_12.mid",0.02135
"F:\AlphaProject\_PythonML\MidiGAN\gan_results\conv_gan_1.1\title\midi\run6\run6_epoch50_13.mid",0.01635
"F:\AlphaProject\_PythonML\MidiGAN\gan_results\conv_gan_1.1\title\midi\run6\run6_epoch50_14.mid",0.01635
"F:\AlphaProject\_PythonML\MidiGAN\gan_results\conv_gan_1.1\title\midi\run6\run6_epoch50_15.mid",0.02854
"F:\AlphaProject\_PythonML\MidiGAN\gan_results\conv_gan_1.1\title\midi\run6\run6_epoch50_16.mid",0.02615
"F:\AlphaProject\_PythonML\MidiGAN\gan_results\conv_gan_1.1\title\midi\run6\run6_epoch50_2.mid",0.01688
"F:\AlphaProject\_PythonML\MidiGAN\gan_results\conv_gan_1.1\title\midi\run6\run6_epoch50_3.mid",0.02042
"F:\AlphaProject\_PythonML\MidiGAN\gan_results\conv_gan_1.1\title\midi\run6\run6_epoch50_4.mid",0.01854
"F:\AlphaProject\_PythonML\MidiGAN\gan_results\conv_gan_1.1\title\midi\run6\run6_epoch50_5.mid",0.02333
"F:\AlphaProject\_PythonML\MidiGAN\gan_results\conv_gan_1.1\title\midi\run6\run6_epoch50_6.mid",0.02875
"F:\AlphaProject\_PythonML\MidiGAN\gan_results\conv_gan_1.1\title\midi\run6\run6_epoch50_7.mid",0.0174
"F:\AlphaProject\_PythonML\MidiGAN\gan_results\conv_gan_1.1\title\midi\run6\run6_epoch50_8.mid",0.02531
"F:\AlphaProject\_PythonML\MidiGAN\gan_results\conv_gan_1.1\title\midi\run6\run6_epoch50_9.mid",0.02667
"F:\AlphaProject\_PythonML\MidiGAN\gan_results\conv_gan_1.1\title\midi\run6\run6_epoch700_1.mid",0.09563
"F:\AlphaProject\_PythonML\MidiGAN\gan_results\conv_gan_1.1\title\midi\run6\run6_epoch700_10.mid",0.1048
"F:\AlphaProject\_PythonML\MidiGAN\gan_results\conv_gan_1.1\title\midi\run6\run6_epoch700_11.mid",0.1141
"F:\AlphaProject\_PythonML\MidiGAN\gan_results\conv_gan_1.1\title\midi\run6\run6_epoch700_12.mid",0.09646
"F:\AlphaProject\_PythonML\MidiGAN\gan_results\conv_gan_1.1\title\midi\run6\run6_epoch700_13.mid",0.1007
"F:\AlphaProject\_PythonML\MidiGAN\gan_results\conv_gan_1.1\title\midi\run6\run6_epoch700_14.mid",0.1031
"F:\AlphaProject\_PythonML\MidiGAN\gan_results\conv_gan_1.1\title\midi\run6\run6_epoch700_15.mid",0.1144
"F:\AlphaProject\_PythonML\MidiGAN\gan_results\conv_gan_1.1\title\midi\run6\run6_epoch700_16.mid",0.1033
"F:\AlphaProject\_PythonML\MidiGAN\gan_results\conv_gan_1.1\title\midi\run6\run6_epoch700_2.mid",0.0951
"F:\AlphaProject\_PythonML\MidiGAN\gan_results\conv_gan_1.1\title\midi\run6\run6_epoch700_3.mid",0.1149
"F:\AlphaProject\_PythonML\MidiGAN\gan_results\conv_gan_1.1\title\midi\run6\run6_epoch700_4.mid",0.1021
"F:\AlphaProject\_PythonML\MidiGAN\gan_results\conv_gan_1.1\title\midi\run6\run6_epoch700_5.mid",0.1071
"F:\AlphaProject\_PythonML\MidiGAN\gan_results\conv_gan_1.1\title\midi\run6\run6_epoch700_6.mid",0.1133
"F:\AlphaProject\_PythonML\MidiGAN\gan_results\conv_gan_1.1\title\midi\run6\run6_epoch700_7.mid",0.09552
"F:\AlphaProject\_PythonML\MidiGAN\gan_results\conv_gan_1.1\title\midi\run6\run6_epoch700_8.mid",0.1208
"F:\AlphaProject\_PythonML\MidiGAN\gan_results\conv_gan_1.1\title\midi\run6\run6_epoch700_9.mid",0.08052
