,Average_Note_Duration
"F:\AlphaProject\_PythonML\MidiGAN\melodies\title\Title-Screen.mid",0.4221
"F:\AlphaProject\_PythonML\MidiGAN\melodies\title\SNESChaChaTitle.mid",0.4263
"F:\AlphaProject\_PythonML\MidiGAN\melodies\title\archon_title.mid",0.2388
"F:\AlphaProject\_PythonML\MidiGAN\melodies\title\Platoon-Title.mid",0.27
"F:\AlphaProject\_PythonML\MidiGAN\melodies\title\capkid1-02a.mid",0.2396
"F:\AlphaProject\_PythonML\MidiGAN\melodies\title\mk2_zb_title_story.mid",0.9851
"F:\AlphaProject\_PythonML\MidiGAN\melodies\title\T_OmakeVGTitle_MVCStyle.mid",0.2
"F:\AlphaProject\_PythonML\MidiGAN\melodies\title\F-Zero.mid",0.1066
"F:\AlphaProject\_PythonML\MidiGAN\melodies\title\Wizardry_I_Opening_Theme.mid",0.2232
"F:\AlphaProject\_PythonML\MidiGAN\melodies\title\cmmando.mid",0.2017
"F:\AlphaProject\_PythonML\MidiGAN\melodies\title\podrace.mid",0.2941
"F:\AlphaProject\_PythonML\MidiGAN\melodies\title\YITitle.mid",0.2256
"F:\AlphaProject\_PythonML\MidiGAN\melodies\title\SBomb3-Title.mid",0.133
"F:\AlphaProject\_PythonML\MidiGAN\melodies\title\Drrtitle.mid",0.2188
"F:\AlphaProject\_PythonML\MidiGAN\melodies\title\MARIO.mid",0.1313
"F:\AlphaProject\_PythonML\MidiGAN\melodies\title\PkmRB-Title.mid",0.3526
"F:\AlphaProject\_PythonML\MidiGAN\melodies\title\Title_Theme.mid",0.4703
"F:\AlphaProject\_PythonML\MidiGAN\melodies\title\SC2KTitleScreen.mid",0.5705
"F:\AlphaProject\_PythonML\MidiGAN\melodies\title\Ape_Escape_Title_DW.mid",0.09039
"F:\AlphaProject\_PythonML\MidiGAN\melodies\title\turok2gbtitle.mid",0.2498
"F:\AlphaProject\_PythonML\MidiGAN\melodies\title\btthememarimbav1-1.mid",0.0975
"F:\AlphaProject\_PythonML\MidiGAN\melodies\title\metroid_2_title_theme_rock_remix.mid",0.5333
"F:\AlphaProject\_PythonML\MidiGAN\melodies\title\ps3.mid",0.7589
"F:\AlphaProject\_PythonML\MidiGAN\melodies\title\pipe_dream.mid",0.1725
"F:\AlphaProject\_PythonML\MidiGAN\melodies\title\Dd1th.mid",0.2451
"F:\AlphaProject\_PythonML\MidiGAN\melodies\title\Magic_Sword_-_Title.mid",0.12
"F:\AlphaProject\_PythonML\MidiGAN\melodies\title\TITLE (4).mid",0.3493
"F:\AlphaProject\_PythonML\MidiGAN\melodies\title\alleywaytitlescreen.mid",0.1976
"F:\AlphaProject\_PythonML\MidiGAN\melodies\title\YS_Title.mid",0.1704
"F:\AlphaProject\_PythonML\MidiGAN\melodies\title\Flickie_title.mid",0.1479
"F:\AlphaProject\_PythonML\MidiGAN\melodies\title\heavyint.mid",0.4719
"F:\AlphaProject\_PythonML\MidiGAN\melodies\title\tombraider3.mid",0.7663
"F:\AlphaProject\_PythonML\MidiGAN\melodies\title\SNES_Toki_Memo_Title.mid",0.2003
"F:\AlphaProject\_PythonML\MidiGAN\melodies\title\T_TekkamanGB_TitleScreen.mid",0.07154
"F:\AlphaProject\_PythonML\MidiGAN\melodies\title\Dd-war.mid",0.19
"F:\AlphaProject\_PythonML\MidiGAN\melodies\title\sonknux.mid",0.13
"F:\AlphaProject\_PythonML\MidiGAN\melodies\title\nihonbare.mid",0.2826
"F:\AlphaProject\_PythonML\MidiGAN\melodies\title\mtp-flwr.mid",0.2291
"F:\AlphaProject\_PythonML\MidiGAN\melodies\title\BrutalTitle.mid",1.006
"F:\AlphaProject\_PythonML\MidiGAN\melodies\title\vball-titledemo.mid",0.1172
"F:\AlphaProject\_PythonML\MidiGAN\melodies\title\MM3_-_TitleArrangeXG.mid",0.302
"F:\AlphaProject\_PythonML\MidiGAN\melodies\title\aero.mid",0.09375
"F:\AlphaProject\_PythonML\MidiGAN\melodies\title\Main.mid",0.1673
"F:\AlphaProject\_PythonML\MidiGAN\melodies\title\simcity.mid",0.2273
"F:\AlphaProject\_PythonML\MidiGAN\melodies\title\dd2-title.mid",0.1849
"F:\AlphaProject\_PythonML\MidiGAN\melodies\title\COOKIE.mid",0.4425
"F:\AlphaProject\_PythonML\MidiGAN\melodies\title\pgunn.mid",0.2531
"F:\AlphaProject\_PythonML\MidiGAN\melodies\title\TF2Title.mid",0.3617
"F:\AlphaProject\_PythonML\MidiGAN\melodies\title\godzilla-title.mid",0.1198
"F:\AlphaProject\_PythonML\MidiGAN\melodies\title\Batman_-_Intro.mid",0.7055
"F:\AlphaProject\_PythonML\MidiGAN\melodies\title\TitleScreen.mid",0.153
"F:\AlphaProject\_PythonML\MidiGAN\melodies\title\solskey.mid",0.2997
"F:\AlphaProject\_PythonML\MidiGAN\melodies\title\calgames.mid",0.2866
"F:\AlphaProject\_PythonML\MidiGAN\melodies\title\Sgtitle.mid",0.7311
"F:\AlphaProject\_PythonML\MidiGAN\melodies\title\FFL_Main_Theme_(FFL3).mid",0.4774
"F:\AlphaProject\_PythonML\MidiGAN\melodies\title\Tet_Theme_Remix.mid",0.4182
"F:\AlphaProject\_PythonML\MidiGAN\melodies\title\mm2title.mid",0.3622
"F:\AlphaProject\_PythonML\MidiGAN\melodies\title\pkc_title.mid",0.3568
"F:\AlphaProject\_PythonML\MidiGAN\melodies\title\Lostlevel's.mid",0.4056
"F:\AlphaProject\_PythonML\MidiGAN\melodies\title\z3intro.mid",0.1838
"F:\AlphaProject\_PythonML\MidiGAN\melodies\title\aadventuretitle.mid",0.35
"F:\AlphaProject\_PythonML\MidiGAN\melodies\title\wizardsi.mid",0.1178
"F:\AlphaProject\_PythonML\MidiGAN\melodies\title\TalesofDestiny_TitleTheme.mid",0.9222
"F:\AlphaProject\_PythonML\MidiGAN\melodies\title\PkmGS-Title.mid",0.7306
"F:\AlphaProject\_PythonML\MidiGAN\melodies\title\smastitle.mid",0.1116
"F:\AlphaProject\_PythonML\MidiGAN\melodies\title\64title.mid",0.7748
"F:\AlphaProject\_PythonML\MidiGAN\melodies\title\openscr-1.mid",0.4339
"F:\AlphaProject\_PythonML\MidiGAN\melodies\title\supertennistitle.mid",0.1353
"F:\AlphaProject\_PythonML\MidiGAN\melodies\title\T_SuperS_TitleScreenRemixV102.mid",0.05274
"F:\AlphaProject\_PythonML\MidiGAN\melodies\title\getready.mid",0.2724
"F:\AlphaProject\_PythonML\MidiGAN\melodies\title\Jungle_Strike.mid",0.6186
"F:\AlphaProject\_PythonML\MidiGAN\melodies\title\tombs_and_treasure_title.mid",0.7638
"F:\AlphaProject\_PythonML\MidiGAN\melodies\title\dl_title.mid",0.1666
"F:\AlphaProject\_PythonML\MidiGAN\melodies\title\phantasystar3openingbyHA.mid",0.84
"F:\AlphaProject\_PythonML\MidiGAN\melodies\title\Out_To_Lunch_title.mid",0.2689
"F:\AlphaProject\_PythonML\MidiGAN\melodies\title\vb2.mid",0.7446
"F:\AlphaProject\_PythonML\MidiGAN\melodies\title\BC_Title.mid",0.2482
"F:\AlphaProject\_PythonML\MidiGAN\melodies\title\rc_titlescreen.mid",0.2419
"F:\AlphaProject\_PythonML\MidiGAN\melodies\title\Alcahest_-_TitleScreen.mid",0.3212
"F:\AlphaProject\_PythonML\MidiGAN\melodies\title\megaman2.mid",0.3602
"F:\AlphaProject\_PythonML\MidiGAN\melodies\title\bt-theme.mid",0.1304
"F:\AlphaProject\_PythonML\MidiGAN\melodies\title\icehocky.mid",1.037
"F:\AlphaProject\_PythonML\MidiGAN\melodies\title\1999.mid",0.1663
"F:\AlphaProject\_PythonML\MidiGAN\melodies\title\sk_sg_20.mid",0.1895
"F:\AlphaProject\_PythonML\MidiGAN\melodies\title\mdctheme.mid",0.179
"F:\AlphaProject\_PythonML\MidiGAN\melodies\title\dq4_title.mid",0.1861
"F:\AlphaProject\_PythonML\MidiGAN\melodies\title\CBmoonlightv2.mid",0.2815
"F:\AlphaProject\_PythonML\MidiGAN\melodies\title\power1.mid",0.159
"F:\AlphaProject\_PythonML\MidiGAN\melodies\title\dctitle.mid",0.5727
"F:\AlphaProject\_PythonML\MidiGAN\melodies\title\MM3_Title-KM.mid",0.2482
"F:\AlphaProject\_PythonML\MidiGAN\melodies\title\airwolf_title.mid",0.1886
"F:\AlphaProject\_PythonML\MidiGAN\melodies\title\Mtrd_Title-KM.mid",0.635
"F:\AlphaProject\_PythonML\MidiGAN\melodies\title\Ffatitle.mid",0.503
"F:\AlphaProject\_PythonML\MidiGAN\melodies\title\TrS1-Title.mid",0.1368
"F:\AlphaProject\_PythonML\MidiGAN\melodies\title\PebbleBeach-Title.mid",0.3602
"F:\AlphaProject\_PythonML\MidiGAN\melodies\title\The_Immortal_Title_Theme,_Piano_with_Variations.mid",0.269
"F:\AlphaProject\_PythonML\MidiGAN\melodies\title\bkidttle.mid",0.1444
"F:\AlphaProject\_PythonML\MidiGAN\melodies\title\anstyanintro.mid",0.3054
"F:\AlphaProject\_PythonML\MidiGAN\melodies\title\TitleScreen (2).mid",0.2153
"F:\AlphaProject\_PythonML\MidiGAN\melodies\title\SOM1.mid",0.8131
"F:\AlphaProject\_PythonML\MidiGAN\melodies\title\st_title.mid",0.1255
"F:\AlphaProject\_PythonML\MidiGAN\melodies\title\Tenkai-Title_V2.mid",0.2247
"F:\AlphaProject\_PythonML\MidiGAN\melodies\title\G_GBMegaman1_TitleScreen.mid",0.602
"F:\AlphaProject\_PythonML\MidiGAN\melodies\title\warioland3titlescreen.mid",0.2076
"F:\AlphaProject\_PythonML\MidiGAN\melodies\title\_Title_SBL4mb.mid",0.2641
"F:\AlphaProject\_PythonML\MidiGAN\melodies\title\junglestrike-title.mid",0.4417
"F:\AlphaProject\_PythonML\MidiGAN\melodies\title\title_theme_2.mid",0.6794
"F:\AlphaProject\_PythonML\MidiGAN\melodies\title\Tetristh.mid",0.2181
"F:\AlphaProject\_PythonML\MidiGAN\melodies\title\Metroid_Theme_Remix.mid",1.349
"F:\AlphaProject\_PythonML\MidiGAN\melodies\title\faxtitle.mid",0.1119
"F:\AlphaProject\_PythonML\MidiGAN\melodies\title\Amagon-Title_2.mid",0.2466
"F:\AlphaProject\_PythonML\MidiGAN\melodies\title\CLspidermanxmentitle.mid",0.2822
"F:\AlphaProject\_PythonML\MidiGAN\melodies\title\zoopgb.mid",0.3892
"F:\AlphaProject\_PythonML\MidiGAN\melodies\title\Kfts.mid",0.3964
"F:\AlphaProject\_PythonML\MidiGAN\melodies\title\civilization_Intro.mid",0.4718
"F:\AlphaProject\_PythonML\MidiGAN\melodies\title\MM8TitleGS.mid",0.1564
"F:\AlphaProject\_PythonML\MidiGAN\melodies\title\IoGtitle.mid",0.2334
"F:\AlphaProject\_PythonML\MidiGAN\melodies\title\Joust-Title.mid",0.1605
"F:\AlphaProject\_PythonML\MidiGAN\melodies\title\CC-Title.mid",0.2631
"F:\AlphaProject\_PythonML\MidiGAN\melodies\title\Ts_intro.mid",0.1396
"F:\AlphaProject\_PythonML\MidiGAN\melodies\title\Push_Title.mid",0.2648
"F:\AlphaProject\_PythonML\MidiGAN\melodies\title\ff1title.mid",0.1596
"F:\AlphaProject\_PythonML\MidiGAN\melodies\title\MMXMain.mid",0.3354
"F:\AlphaProject\_PythonML\MidiGAN\melodies\title\Mm4title.mid",0.1292
"F:\AlphaProject\_PythonML\MidiGAN\melodies\title\thronerm.mid",0.2229
"F:\AlphaProject\_PythonML\MidiGAN\melodies\title\Desert_Strike.mid",0.152
"F:\AlphaProject\_PythonML\MidiGAN\melodies\title\bszeldatitle.mid",0.3459
"F:\AlphaProject\_PythonML\MidiGAN\melodies\title\MM2_ThemeSymphonicRemix.mid",0.505
"F:\AlphaProject\_PythonML\MidiGAN\melodies\title\Titlearr.mid",0.5342
"F:\AlphaProject\_PythonML\MidiGAN\melodies\title\superscrabbletitlescreen.mid",0.276
"F:\AlphaProject\_PythonML\MidiGAN\melodies\title\tombraider-indigo.mid",0.5202
"F:\AlphaProject\_PythonML\MidiGAN\melodies\title\T_StreetFighterIIGB_Title.mid",0.2039
"F:\AlphaProject\_PythonML\MidiGAN\melodies\title\ectheme.mid",0.1394
"F:\AlphaProject\_PythonML\MidiGAN\melodies\title\rsaga202.mid",0.1205
"F:\AlphaProject\_PythonML\MidiGAN\melodies\title\yuu_yuu_hakusho_kakutou_no_syo_japan_-_intro.mid",0.1579
"F:\AlphaProject\_PythonML\MidiGAN\melodies\title\dkr_title_screen_v1-1.mid",0.1484
"F:\AlphaProject\_PythonML\MidiGAN\melodies\title\mm4gbint.mid",0.3186
"F:\AlphaProject\_PythonML\MidiGAN\melodies\title\markwtitlezelda.mid",1.003
"F:\AlphaProject\_PythonML\MidiGAN\melodies\title\mmagic.mid",0.4991
"F:\AlphaProject\_PythonML\MidiGAN\melodies\title\Gbtitle3.mid",0.4459
"F:\AlphaProject\_PythonML\MidiGAN\melodies\title\ki.mid",0.161
"F:\AlphaProject\_PythonML\MidiGAN\melodies\title\Title_Screen546.mid",0.1496
"F:\AlphaProject\_PythonML\MidiGAN\melodies\title\T_RoboWarrior_TitleTheme.mid",0.2244
"F:\AlphaProject\_PythonML\MidiGAN\melodies\title\z1title.mid",0.3604
"F:\AlphaProject\_PythonML\MidiGAN\melodies\title\Wrath_of_the_Black_Manta.mid",0.252
"F:\AlphaProject\_PythonML\MidiGAN\melodies\title\OLhomealonetitle.mid",0.1558
"F:\AlphaProject\_PythonML\MidiGAN\melodies\title\Duck_Tales_Title.mid",0.192
"F:\AlphaProject\_PythonML\MidiGAN\melodies\title\Killer_Instinct.mid",1.322
"F:\AlphaProject\_PythonML\MidiGAN\melodies\title\beast.mid",0.7146
"F:\AlphaProject\_PythonML\MidiGAN\melodies\title\Dragonslairts.mid",0.2767
"F:\AlphaProject\_PythonML\MidiGAN\melodies\title\WWIntro.mid",0.1364
"F:\AlphaProject\_PythonML\MidiGAN\melodies\title\SMWOPENP.mid",0.1479
"F:\AlphaProject\_PythonML\MidiGAN\melodies\title\Gauntlet_Remix.mid",0.1101
"F:\AlphaProject\_PythonML\MidiGAN\melodies\title\illusion_of_time.mid",0.611
"F:\AlphaProject\_PythonML\MidiGAN\melodies\title\PuyoPuyoNES_Title.mid",0.1903
"F:\AlphaProject\_PythonML\MidiGAN\melodies\title\dbgtfbtitlescreen.mid",0.2147
"F:\AlphaProject\_PythonML\MidiGAN\melodies\title\SuperMario64Title.mid",0.09082
"F:\AlphaProject\_PythonML\MidiGAN\melodies\title\Overture_-_Ogre_Battle_64.mid",0.3191
"F:\AlphaProject\_PythonML\MidiGAN\melodies\title\smas3title.mid",0.5624
"F:\AlphaProject\_PythonML\MidiGAN\melodies\title\Smktit.mid",0.1268
"F:\AlphaProject\_PythonML\MidiGAN\melodies\title\wstitle.mid",0.1986
"F:\AlphaProject\_PythonML\MidiGAN\melodies\title\dejavu5.mid",0.18
"F:\AlphaProject\_PythonML\MidiGAN\melodies\title\CDRR2_NES_Title_Screen.mid",0.2011
"F:\AlphaProject\_PythonML\MidiGAN\melodies\title\MM2Ringer.mid",0.2148
"F:\AlphaProject\_PythonML\MidiGAN\melodies\title\RK-Title.mid",0.1606
"F:\AlphaProject\_PythonML\MidiGAN\melodies\title\gb5title.mid",0.1999
"F:\AlphaProject\_PythonML\MidiGAN\melodies\title\mggbcts.mid",0.2227
"F:\AlphaProject\_PythonML\MidiGAN\melodies\title\soulblade.mid",1.39
"F:\AlphaProject\_PythonML\MidiGAN\melodies\title\sdb-titl.mid",0.2081
"F:\AlphaProject\_PythonML\MidiGAN\melodies\title\Megaman_2_Title.mid",0.452
"F:\AlphaProject\_PythonML\MidiGAN\melodies\title\verytex.mid",0.1514
"F:\AlphaProject\_PythonML\MidiGAN\melodies\title\T_SuperShinobi2_TitleTheme.mid",0.2
"F:\AlphaProject\_PythonML\MidiGAN\melodies\title\Metroid_-_IntroXG.mid",0.1754
"F:\AlphaProject\_PythonML\MidiGAN\melodies\title\A3_title.mid",0.1967
"F:\AlphaProject\_PythonML\MidiGAN\melodies\title\BlackBassIntro.mid",0.625
"F:\AlphaProject\_PythonML\MidiGAN\melodies\title\mk_titlescreen_zb.mid",0.178
"F:\AlphaProject\_PythonML\MidiGAN\melodies\title\ms_title.mid",0.1857
"F:\AlphaProject\_PythonML\MidiGAN\melodies\title\swords-titlescreen.mid",0.197
"F:\AlphaProject\_PythonML\MidiGAN\melodies\title\Tomb_Raider_1+2.mid",0.5862
"F:\AlphaProject\_PythonML\MidiGAN\melodies\title\GuardianLegend_Title.mid",0.2696
"F:\AlphaProject\_PythonML\MidiGAN\melodies\title\JILost_-_NES_-_Skate_or_Die_2_-_Title.mid",0.07083
"F:\AlphaProject\_PythonML\MidiGAN\melodies\title\sbb2-02.mid",0.1529
"F:\AlphaProject\_PythonML\MidiGAN\melodies\title\dkltitle.mid",0.148
"F:\AlphaProject\_PythonML\MidiGAN\melodies\title\Tnttitle.mid",0.3131
"F:\AlphaProject\_PythonML\MidiGAN\melodies\title\mpaint-title.mid",0.1818
"F:\AlphaProject\_PythonML\MidiGAN\melodies\title\bkgb_title_kio_7.mid",0.1248
"F:\AlphaProject\_PythonML\MidiGAN\melodies\title\rmtitle.mid",0.5376
"F:\AlphaProject\_PythonML\MidiGAN\melodies\title\wl-title.mid",0.2102
"F:\AlphaProject\_PythonML\MidiGAN\melodies\title\bubtitle.mid",0.162
"F:\AlphaProject\_PythonML\MidiGAN\melodies\title\ww2intro.mid",0.3117
"F:\AlphaProject\_PythonML\MidiGAN\melodies\title\bt_promo_v1_1.mid",0.1972
"F:\AlphaProject\_PythonML\MidiGAN\melodies\title\title5648.mid",0.2995
"F:\AlphaProject\_PythonML\MidiGAN\melodies\title\Tomb.mid",0.4881
"F:\AlphaProject\_PythonML\MidiGAN\melodies\title\slammast-title.mid",0.1756
"F:\AlphaProject\_PythonML\MidiGAN\melodies\title\ki-main.mid",0.5354
"F:\AlphaProject\_PythonML\MidiGAN\melodies\title\kidnikiremix_title-screen.mid",0.1307
"F:\AlphaProject\_PythonML\MidiGAN\melodies\title\The_Amazing_Spider_Man_-_Theme.mid",0.3107
"F:\AlphaProject\_PythonML\MidiGAN\melodies\title\treasure_master_-_title_theme.mid",0.2184
"F:\AlphaProject\_PythonML\MidiGAN\melodies\title\tekken2.mid",0.125
"F:\AlphaProject\_PythonML\MidiGAN\melodies\title\Anticipation.mid",0.1215
"F:\AlphaProject\_PythonML\MidiGAN\melodies\title\Altered_Beast_title.mid",0.245
"F:\AlphaProject\_PythonML\MidiGAN\melodies\title\metintro.mid",0.1854
"F:\AlphaProject\_PythonML\MidiGAN\melodies\title\smas48.mid",0.3526
"F:\AlphaProject\_PythonML\MidiGAN\melodies\title\SuperSoccerTitles.mid",0.06625
"F:\AlphaProject\_PythonML\MidiGAN\melodies\title\Z2TitleScreenPunkRockRemixFixed.mid",0.3493
"F:\AlphaProject\_PythonML\MidiGAN\melodies\title\T_OmakeVGTitle.mid",0.2301
"F:\AlphaProject\_PythonML\MidiGAN\melodies\title\smwintro.mid",0.2453
"F:\AlphaProject\_PythonML\MidiGAN\melodies\title\rush2049.mid",0.1188
"F:\AlphaProject\_PythonML\MidiGAN\melodies\title\yc_title.mid",0.2465
"F:\AlphaProject\_PythonML\MidiGAN\melodies\title\Pitfall_-_Title_Screen.mid",0.2972
"F:\AlphaProject\_PythonML\MidiGAN\melodies\title\smb2titleb.mid",0.07585
"F:\AlphaProject\_PythonML\MidiGAN\melodies\title\pesus_title_screen.mid",0.1778
"F:\AlphaProject\_PythonML\MidiGAN\melodies\title\t_ctint2.mid",0.1471
"F:\AlphaProject\_PythonML\MidiGAN\melodies\title\mtcts.mid",0.6144
"F:\AlphaProject\_PythonML\MidiGAN\melodies\title\sor1.mid",0.7709
"F:\AlphaProject\_PythonML\MidiGAN\melodies\title\Legend-Title.mid",0.297
"F:\AlphaProject\_PythonML\MidiGAN\melodies\title\DragonsFury_1.mid",0.1568
"F:\AlphaProject\_PythonML\MidiGAN\melodies\title\luf1them.mid",0.2712
"F:\AlphaProject\_PythonML\MidiGAN\melodies\title\MDK_Title_Screen.mid",0.6333
"F:\AlphaProject\_PythonML\MidiGAN\melodies\title\tennisgbtitlescreen.mid",0.1968
"F:\AlphaProject\_PythonML\MidiGAN\melodies\title\Astyanax2.mid",0.2106
"F:\AlphaProject\_PythonML\MidiGAN\melodies\title\deja1rm.mid",0.3394
"F:\AlphaProject\_PythonML\MidiGAN\melodies\title\XkyRauh_IceClimberTitleScreen.mid",0.1332
"F:\AlphaProject\_PythonML\MidiGAN\melodies\title\ffl3begn.mid",0.4366
"F:\AlphaProject\_PythonML\MidiGAN\melodies\title\TalesofEternia_MainTitle.mid",0.6833
"F:\AlphaProject\_PythonML\MidiGAN\melodies\title\Bio_Metal_Japanese_Ver-Introduction_pt2.mid",0.5428
"F:\AlphaProject\_PythonML\MidiGAN\melodies\title\TGTitle.mid",0.1057
"F:\AlphaProject\_PythonML\MidiGAN\melodies\title\YSTitle.mid",0.3278
"F:\AlphaProject\_PythonML\MidiGAN\melodies\title\Pesus_Title_Screen_(Swing_Remix).mid",0.2413
"F:\AlphaProject\_PythonML\MidiGAN\melodies\title\TheLegendRemixed.mid",0.2603
"F:\AlphaProject\_PythonML\MidiGAN\melodies\title\vectorm.mid",0.1253
"F:\AlphaProject\_PythonML\MidiGAN\melodies\title\Crash_Team_Racing_Intro_and_Main_Menu_DW.mid",0.163
"F:\AlphaProject\_PythonML\MidiGAN\melodies\title\SBTitleScreen.mid",0.1782
"F:\AlphaProject\_PythonML\MidiGAN\melodies\title\mm3title.mid",0.3187
"F:\AlphaProject\_PythonML\MidiGAN\melodies\title\MKTITLE.mid",0.2772
"F:\AlphaProject\_PythonML\MidiGAN\melodies\title\bt_theme_cuckoo.mid",0.1575
"F:\AlphaProject\_PythonML\MidiGAN\melodies\title\skyshark_title.mid",0.08571
"F:\AlphaProject\_PythonML\MidiGAN\melodies\title\F-Zero_X_-_Title_BGM.mid",0.2682
"F:\AlphaProject\_PythonML\MidiGAN\melodies\title\AdventuresofArle_TitleTheme.mid",0.4493
"F:\AlphaProject\_PythonML\MidiGAN\melodies\title\mystitle.mid",0.4059
"F:\AlphaProject\_PythonML\MidiGAN\melodies\title\T_RockMan3_IntroTheme_Arranged.mid",0.1879
"F:\AlphaProject\_PythonML\MidiGAN\melodies\title\SectionZ-Introduction_Rock_MixV2.mid",0.26
"F:\AlphaProject\_PythonML\MidiGAN\melodies\title\T_Sf2Titlescreen.mid",0.2416
"F:\AlphaProject\_PythonML\MidiGAN\melodies\title\Gargoyle's_Quest_Title_Theme.mid",0.485
"F:\AlphaProject\_PythonML\MidiGAN\melodies\title\Yoshis_Lullaby.mid",0.2329
"F:\AlphaProject\_PythonML\MidiGAN\melodies\title\mkii_zb_title_gb.mid",0.1244
"F:\AlphaProject\_PythonML\MidiGAN\melodies\title\MW3-Title.mid",0.1717
"F:\AlphaProject\_PythonML\MidiGAN\melodies\title\MysticD-Title.mid",0.1071
"F:\AlphaProject\_PythonML\MidiGAN\melodies\title\St-Seiya.mid",0.2634
"F:\AlphaProject\_PythonML\MidiGAN\melodies\title\Yoshi_s_Island_SSBB_Remix.mid",0.2047
"F:\AlphaProject\_PythonML\MidiGAN\melodies\title\ChuckRock-Title.mid",0.152
"F:\AlphaProject\_PythonML\MidiGAN\melodies\title\SailorMoonSSF_int.mid",0.3135
"F:\AlphaProject\_PythonML\MidiGAN\melodies\title\ProAmAcc.mid",0.06406
"F:\AlphaProject\_PythonML\MidiGAN\melodies\title\01-TitleScreen.mid",0.5123
"F:\AlphaProject\_PythonML\MidiGAN\melodies\title\clemens.mid",0.2244
"F:\AlphaProject\_PythonML\MidiGAN\melodies\title\UK_-_Title.mid",0.2001
"F:\AlphaProject\_PythonML\MidiGAN\melodies\title\PdP-Title.mid",0.1766
"F:\AlphaProject\_PythonML\MidiGAN\melodies\title\sohtitle.mid",0.1759
"F:\AlphaProject\_PythonML\MidiGAN\melodies\title\somtheme.mid",0.1973
"F:\AlphaProject\_PythonML\MidiGAN\melodies\title\Adventure_Island_II-Title_Screen.mid",0.2187
"F:\AlphaProject\_PythonML\MidiGAN\melodies\title\XkySmash01.mid",0.1054
"F:\AlphaProject\_PythonML\MidiGAN\melodies\title\Plktitle.mid",0.1784
"F:\AlphaProject\_PythonML\MidiGAN\melodies\title\G_BioMetal_Intro.mid",0.235
"F:\AlphaProject\_PythonML\MidiGAN\melodies\title\wbtitle.mid",0.1134
"F:\AlphaProject\_PythonML\MidiGAN\melodies\title\SpidermanTitle1.mid",0.5262
"F:\AlphaProject\_PythonML\MidiGAN\melodies\title\the_powerpuff_girls.mid",0.386
"F:\AlphaProject\_PythonML\MidiGAN\melodies\title\xgsomt.mid",0.388
"F:\AlphaProject\_PythonML\MidiGAN\melodies\title\bohtitl1.mid",0.1728
"F:\AlphaProject\_PythonML\MidiGAN\melodies\title\title (2).mid",1.474
"F:\AlphaProject\_PythonML\MidiGAN\melodies\title\Centurion_Defender_Of_Rome-v2.mid",0.6264
"F:\AlphaProject\_PythonML\MidiGAN\melodies\title\Superstar_Title_Intro.mid",0.1094
"F:\AlphaProject\_PythonML\MidiGAN\melodies\title\doubledragon.mid",0.2595
"F:\AlphaProject\_PythonML\MidiGAN\melodies\title\GBtitle2.mid",0.4793
"F:\AlphaProject\_PythonML\MidiGAN\melodies\title\ayasesen.mid",0.6522
"F:\AlphaProject\_PythonML\MidiGAN\melodies\title\DV_-_Title_Screen.mid",0.4342
"F:\AlphaProject\_PythonML\MidiGAN\melodies\title\runtitle.mid",0.1995
"F:\AlphaProject\_PythonML\MidiGAN\melodies\title\super_godzilla_-_title_screen.mid",0.4274
"F:\AlphaProject\_PythonML\MidiGAN\melodies\title\ALEXKIDD.mid",0.1586
"F:\AlphaProject\_PythonML\MidiGAN\melodies\title\ProAmElec.mid",0.1363
"F:\AlphaProject\_PythonML\MidiGAN\melodies\title\Hebereke-Title.mid",0.263
"F:\AlphaProject\_PythonML\MidiGAN\melodies\title\bombermantitle.mid",0.103
"F:\AlphaProject\_PythonML\MidiGAN\melodies\title\BL_sbm5_titlescreen.mid",0.07561
"F:\AlphaProject\_PythonML\MidiGAN\melodies\title\MPAirdeMarioParty.mid",0.2076
"F:\AlphaProject\_PythonML\MidiGAN\melodies\title\DreamTVTitle.mid",0.1425
"F:\AlphaProject\_PythonML\MidiGAN\melodies\title\CotS-Title-PS-PC.mid",0.2874
"F:\AlphaProject\_PythonML\MidiGAN\melodies\title\ffl2main.mid",0.5372
"F:\AlphaProject\_PythonML\MidiGAN\melodies\title\NBAJamRK3Kv2.mid",0.43
"F:\AlphaProject\_PythonML\MidiGAN\melodies\title\Sf2th.mid",0.1053
"F:\AlphaProject\_PythonML\MidiGAN\melodies\title\dmario2.mid",0.2474
"F:\AlphaProject\_PythonML\MidiGAN\melodies\title\MGSvr_title.mid",0.8166
"F:\AlphaProject\_PythonML\MidiGAN\melodies\title\kiexpand.mid",0.159
"F:\AlphaProject\_PythonML\MidiGAN\melodies\title\Wizardry_II_Opening_Theme.mid",0.3336
"F:\AlphaProject\_PythonML\MidiGAN\melodies\title\ZeldaIntro.mid",0.514
"F:\AlphaProject\_PythonML\MidiGAN\melodies\title\Monopoly.mid",0.28
"F:\AlphaProject\_PythonML\MidiGAN\melodies\title\znation.mid",0.2047
"F:\AlphaProject\_PythonML\MidiGAN\melodies\title\RCProAMTheme-Xguitar.mid",0.142
"F:\AlphaProject\_PythonML\MidiGAN\melodies\title\Silhouette_Mirage_-_Title_DW.mid",0.3113
"F:\AlphaProject\_PythonML\MidiGAN\melodies\title\DKCountry2_Title.mid",0.1838
"F:\AlphaProject\_PythonML\MidiGAN\melodies\title\03-TitleScreen.mid",0.2211
"F:\AlphaProject\_PythonML\MidiGAN\melodies\title\metroid_intro_working_progress.mid",0.1198
"F:\AlphaProject\_PythonML\MidiGAN\melodies\title\Battletoads.mid",0.2134
"F:\AlphaProject\_PythonML\MidiGAN\melodies\title\felixttl.mid",0.2107
"F:\AlphaProject\_PythonML\MidiGAN\melodies\title\d64title.mid",0.1084
"F:\AlphaProject\_PythonML\MidiGAN\melodies\title\Kdltitl2.mid",0.1549
"F:\AlphaProject\_PythonML\MidiGAN\melodies\title\_Title_YSW.mid",0.2641
"F:\AlphaProject\_PythonML\MidiGAN\melodies\title\Metroid2Title.mid",0.4478
"F:\AlphaProject\_PythonML\MidiGAN\melodies\title\mm6-title.mid",0.2858
"F:\AlphaProject\_PythonML\MidiGAN\melodies\title\Mm5title.mid",0.237
"F:\AlphaProject\_PythonML\MidiGAN\melodies\title\GokujyoParodius_TitleScreen.mid",0.2428
"F:\AlphaProject\_PythonML\MidiGAN\melodies\title\T_StreetFighter2_MainTheme.mid",0.2017
"F:\AlphaProject\_PythonML\MidiGAN\melodies\title\kbb-title.mid",0.2958
"F:\AlphaProject\_PythonML\MidiGAN\melodies\title\uninvit1.mid",0.2848
"F:\AlphaProject\_PythonML\MidiGAN\melodies\title\z2title.mid",0.522
"F:\AlphaProject\_PythonML\MidiGAN\melodies\title\Turok2gbtitle_Jazz_remix.mid",0.2038
"F:\AlphaProject\_PythonML\MidiGAN\melodies\title\Syphon_Filter_2_Title_DW.mid",0.3774
"F:\AlphaProject\_PythonML\MidiGAN\melodies\title\jet_moto_2_title.mid",0.6046
"F:\AlphaProject\_PythonML\MidiGAN\melodies\title\Mega_Bomberman_Title_Theme_dw.mid",0.1215
"F:\AlphaProject\_PythonML\MidiGAN\melodies\title\kdikarus.mid",0.121
"F:\AlphaProject\_PythonML\MidiGAN\melodies\title\HiryunoKenGF_Title.mid",0.2633
"F:\AlphaProject\_PythonML\MidiGAN\melodies\title\psivdnc_rmx_ztp.mid",0.1154
"F:\AlphaProject\_PythonML\MidiGAN\melodies\title\ThomasAndBertiesGreatRaceTitle.mid",0.1121
"F:\AlphaProject\_PythonML\MidiGAN\melodies\title\wizards.mid",0.1095
"F:\AlphaProject\_PythonML\MidiGAN\melodies\title\smowtitl.mid",0.2316
"F:\AlphaProject\_PythonML\MidiGAN\melodies\title\maxcrng_title.mid",0.2231
"F:\AlphaProject\_PythonML\MidiGAN\melodies\title\kyoraku_sanyo_4_cr_-_title.mid",0.1111
"F:\AlphaProject\_PythonML\MidiGAN\melodies\title\Klxtitle.mid",0.07955
"F:\AlphaProject\_PythonML\MidiGAN\melodies\title\KIMenu_Metal.mid",0.5614
"F:\AlphaProject\_PythonML\MidiGAN\melodies\title\Ice_Climber_Main_Theme.mid",0.1636
"F:\AlphaProject\_PythonML\MidiGAN\melodies\title\luf2title.mid",0.4347
"F:\AlphaProject\_PythonML\MidiGAN\melodies\title\Title2 (2).mid",0.2202
"F:\AlphaProject\_PythonML\MidiGAN\melodies\title\mm3intro.mid",0.2875
"F:\AlphaProject\_PythonML\MidiGAN\melodies\title\PIRATES.mid",0.1425
"F:\AlphaProject\_PythonML\MidiGAN\melodies\title\Banjo_Tooie_intro.mid",0.1523
"F:\AlphaProject\_PythonML\MidiGAN\melodies\title\OLskyhawktitle.mid",0.1215
"F:\AlphaProject\_PythonML\MidiGAN\melodies\title\jaki_crush_japan_-_title_screen.mid",0.2274
"F:\AlphaProject\_PythonML\MidiGAN\melodies\title\Mm6title.mid",0.2991
"F:\AlphaProject\_PythonML\MidiGAN\melodies\title\DragonsFury_1_AWE.mid",0.1514
"F:\AlphaProject\_PythonML\MidiGAN\melodies\title\nemo-title.mid",0.1921
